What is your email?,What is your postal code?,What is your gender?,What is your age?,Submitted At,Token
edd8d0889602b0c77117440a8defa33c,15206,Female,64,8/31/2019 15:31:23,re4t56lgjct11epimifx1re4t59h751v
75d0ac1234805817cb5659ac720c8fe3,H9C 2S6,Female,61,8/31/2019 15:40:42,owd8hoh55s8gf24cyowd8hodk3z8modi
705e5c755f5d335dbfb645a4a07c50b3,98177,Female,,8/31/2019 15:45:16,xosofle765tgby9ixosofnkv55yml3xy
41bf0cb73baee3bf4ff8e73981b3054f,03824,Female,55,8/31/2019 16:02:40,o465w5s34kkddcmb5oo4653lr5rpv969
c55691a50838f77b41580c626baeeab1,01106,Female,62,8/31/2019 16:15:34,dbtiadga8lqhu1do9gymrdbtiadg3tht
2fc8c38321e1701b24c67a6c95be0a5b,,,,8/31/2019 16:48:21,dp06gvs6mk7s7304dp06gvsgtw15ke74
ea363a743defe14e2a8e42c422f49e66,B0T1P0,Female,68,8/31/2019 16:54:26,ww5n5tadxsr34ielfcdzmrww5n5takv9
f9aecd81ef90a3aaea3054a8b8a63a44,22911,Female,22,8/31/2019 17:01:52,zsrfimt0izags05zrfevakdtzsrfimt0
792d176ac9d150d937d801a11e675266,77429,Female,49,8/31/2019 17:11:15,k2xfx82jl7idg0hk2xfulh96duwstyn4
b9a07c31b235be38953d16f5f8848680,87047,Female,48,8/31/2019 17:28:16,ws09e2bsxzjktp9gsrbws09e2p8kdftx
e0c74b055f1fa5655ab1c31e7a2edf49,H1K 5C9,Female,60,8/31/2019 17:38:06,u7kgvm9bfr6kueg6uu7kgvmpow0qd5zt
93aec338850d2d63b9598cc68a1cd609,04330,Female,65,8/31/2019 18:04:04,dx4s5g5mcy21l3e74t5dx4cym5hraafn
ebc10ec3b477bcc66b50515be3820a6b,44310,Female,28,8/31/2019 18:26:19,qhzw77zv8ea7w9j69qhzw7vdckkchn29
1fbf54e0b972b7809895c0ea64662d5d,90291,Male,76,8/31/2019 19:06:06,g8uo5c4tvbfbbo0caoysg8uo5c4thlev
120686e32279fb93245de3851fb8fabb,21666,Female,60,8/31/2019 20:28:11,m5ywomg792g25cexnlcom5ywojq5jr3l
c9f4449402a4214e8680115f5d89b837,GX11 1AA,Female,1,8/31/2019 21:04:34,sbog3lreuy392q1n2x4sbog3lfo0ii1w
5affcfdffa67ed0db0f72c5c59444fb5,06798,Female,64,8/31/2019 21:18:19,npcbn42wzhe6dnpcsaxhuqw277ixkdu7
c21c2a0991622016ac84a8452d82fee6,V7R 2Z6,Female,64,8/31/2019 21:26:48,ai1ev47jtewiqn2d7ai1ev4f50iqfu12
2444c6323e58ea87efa69b636e26a2e8,9012,Female,55,8/31/2019 21:30:10,w2dpkbe02757b2k02yhyw2dpk3yxdzvf
30f24317ad30eb964fd7d4c0b9053a5f,M4G1P4,Female,65,8/31/2019 22:00:09,471pkv0x4afqpe86k2q3anqa471pkv0x
14feb348c1e60bb4078b031c4f6d1dd9,94560,Female,68,8/31/2019 22:08:54,pvh7kne0yvktlco14pkpm6gpvh7knjk9
eab4e81a953528e00a393a316a85d234,48124,Female,25,8/31/2019 22:56:40,y7phmz0crgys4yzy7ph2ctekyx09qd7g
4159371605e4968d3a6c44ff013d58bf,V6h3x9 ,Female,61,9/1/2019 0:19:38,hyeqatxjgqhlfbcj258k7cmhyeqatxa3
fac3bfe589e3f383e21a098b66efaaef,M1E1G2,Female,60,9/1/2019 0:31:07,c45qq0gs3ics234kc45qq02yt5fsqp1y
27fafe3cd682b5b1a39dd5feaf257bbf,06518,Female,34,9/1/2019 0:55:21,pkkmngm28plhup346hbpkkmncc03filo
655542669a5e07b00f519b83d38ad7a6,11102,Female,26,9/1/2019 2:05:35,tozhefzghljgtozhe2fh5lr94yzvbv5f
ec489ad5b956604c97a416b22b84ad9b,81601,Female,73,9/1/2019 2:19:20,jw6mhpgdqvyx226t9bjw6mhpgije2ec6
1d581d44b668c2bcb26f1bbd507931e8,97080,Female,56,9/1/2019 4:31:38,6jd0a0vnb9rj1c276jdvw66f37mfayhy
f98089a46915ca645625a130c03f1b35,GX11 1AA ,Female,42,9/1/2019 9:48:37,102cplkioma8gn102cpl7xd1tonzmd31
4c891e081001359f727c77abdd35fb18,B6L 3H5,Female,32,9/1/2019 14:51:40,nl3tipq16eq3f6ns70pxlmfbnl3tipcj
d4d855192a83b26352b4059f14c8978b,N6K 3T6,Male,57,9/1/2019 16:51:21,lyxz6pndj3sa8wjlyxzy8f02vxkmj2ev
552c37b84a992f93a8a27dafcf7a3e92,05491,Female,32,9/1/2019 20:07:09,zzcrkfb7iy55pz7mzzcrkfxy270aaj13
0d5163795c1a72066c16b607010c369b,06069,Female,,9/1/2019 22:18:37,x1k4fn431qjoxzlrtstu750ax1k4fn43
c214371e8ffa1cca83cd871bf293d125,01257,Female,65,9/2/2019 17:20:03,wzt50m10fdtbw9na7qtl7swzt50m1fd8
792d176ac9d150d937d801a11e675266,77429,Female,49,9/3/2019 2:01:45,shx3qqe5r6zf469sg25pv8shx3qqhhcw
31f7d273c44f4b7592c416b1a41fd323,06784,Female,58,9/3/2019 13:14:12,j2qj8fxmkd1h5ilcsj2qy4j2pn7x0m3j
db806e9a62d86e18cca9a7cde6e376f5,66112,Female,63,9/3/2019 16:58:15,ydp9jq2tgjcnke8pbu2sbzuydp9jq2t3
e7f4b2b1a8fdbcd4bc4c111a6ea3c2ed,2850,Female,49,9/4/2019 10:09:20,77gx8zny0gu7z77gjrinhriqgb15nt3r
e0e180a0a7bcb51a9a87db4580d9e905,60565,Female,57,9/4/2019 15:29:45,281r7p3ji10h0k4hb281r7ihe0kapacj
229750b96eeb278d84bf5201926ad535,06019,Female,77,9/8/2019 23:46:18,x8mpur0hbkn73phecimx8mpur07rnf7u
ef87ef980e6aa9cc397a4c5a5ca28011,48198,Female,65,9/9/2019 22:20:43,2sqih0bsik8o3pjk4bwol82sqih7cabz
12e63c3734cce96955f2e4fc0fd2724f,94960,Female,64,9/9/2019 22:21:21,l793xu5jme414so1l79cc5xp4ty2l4us
2449cc26dc3c7a3208d96f2660d566ff,L1n6m9,Female,46,9/9/2019 22:21:41,hzsww4alfuejuw6ehzsww4m82ndy7nel
5d1f3fe5504c51179120806a629631d2,98065,Female,41,9/9/2019 22:21:55,126fmram22l8ewdh12642ofoyc6a8sl7
25b8b8aa0f42cb32f346dbd6e4585514,97006,Female,,9/9/2019 22:22:15,7r59q667hfz70f75q7r59h98s13p2q5j
40e9d65fee591e4f3874df857f020b29,13324,Female,57,9/9/2019 22:23:15,mydm52mgucbxqmydm46gh2p2uomqjqqv
daeb64254f410266a53857e0d3b6eddd,60515,Female,48,9/9/2019 22:24:03,gzewnd48zcqirw5s0y92x7gzewnd1eo1
0937dd7b301aeae907eed88b17b7ca13,44024,Female,42,9/9/2019 22:24:54,upxzeyykxbiql4sqyupxzeupw3eeug0l
32d57344cd8c21f928252cef31fd8e70,N1g2n8 ,Female,47,9/9/2019 22:26:34,fw76jet7rv1n0v0cmofw76jex23m7tw1
51914eafe6d1e20b01a6c3549556a5d5,92154,Female,60,9/9/2019 22:26:49,2o2zao8qgqczfdk2o2z0dnmywxj1ivje
daeb64254f410266a53857e0d3b6eddd,60515,Female,48,9/9/2019 22:26:29,dgh220mdpx01geflsjdgh220mn6wkiql
6607ecb3ec1d30286e6549fad0563497,33709,Female,45,9/9/2019 22:29:35,oxg4xkmdq563m44gxq96oxg4xkv1p7j0
585fb176207bf406521657a205455563,01772,Female,51,9/9/2019 22:28:19,fr9yixetuvmipcu8s65fr9yixg8t7bl4
8757919315c8c59dee66013fd3f5568e,22655,Female,52,9/9/2019 22:28:23,qz5tb9ga904h0rebzdqz5tb5x1x8zmce
d1c0e3cabc38e151d4f43b4c6bb721a4,24528,Female,24,9/9/2019 22:28:25,iw3tu04v1zv14wq8iw3tu0m1vpv6thnv
f09e8907ea93f7f32903caaceb981941,33469,Female,52,9/9/2019 22:28:39,foa5foqxvaql32ci7foa5fe8xcix852w
f2b5bc8a60cb217e749187fb92c6e886,97219,Female,56,9/9/2019 22:29:01,wp0iipxow08l6jwp0hz39yeg92vga9tp
2619dff4d11bac297a5a9974ce0b945d,97212,Male,48,9/9/2019 22:29:22,9y3azh25kq3a8p3qlt9y3aznkawwuy18
22c1100dbb71d9b1cdc0aca5b99fd97d,28759,Female,56,9/9/2019 22:29:43,jmt2n06ds1bz1hrcedxi1jmt2n06duqn
dfd236c6c499c94b941ae1f58de745c6,55792,Female,60,9/9/2019 22:29:44,13bsvq9z6aiqz2j613bhactzqqm6avbj
3ab02c9aebdbb7d87cfd6c3d765278f2,49783,Female,42,9/9/2019 22:29:45,6mqel96xueg2q0gt0c8s6mqelxg8pofc
f667f947217e222d3e78d28b8c63c712,E4L 0B6,Female,80,9/9/2019 22:31:06,fnygw058owj547fnmc7l7a0c93dbi6mc
fcab8ce1904d6307e8cc8f1f07d917c3,03447,Female,62,9/9/2019 22:31:05,dvxcftpor0cbi0q4h3rddvxcnykh7xbu
a52ca11f9f1c9e87ae477699ca4c65e3,6021,Female,40,9/9/2019 22:32:13,t5ualwltpncnlbpxt5ual5yt2kb5d0nf
c650a7bd92505e6319f023f7161af28c,M9c4w8,Female,26,9/9/2019 22:32:52,exm1elp919k5uq8o60b3p7texm1ejp0z
c907b8440b36626b3b870ef881d0ca82,3141,Female,63,9/9/2019 22:33:31,uvij6y6xt6jk3l7dxnrluvij6y3g1seh
bba4f3900a5c3aeb27dccfad0f414748,V5n3y3 ,Male,9,9/9/2019 22:33:56,yyd8yyhvaapy5q46oyyd8vlu5fdxxxuh
b42c79246f091e88a0613fc12cbbdeb1,33483,Male,52,9/9/2019 22:34:05,s1dkecdraxlm17d8jsg8s1dkecpjl43t
18cd3e343e94dd80d07bae1b59611ee1,27278,Female,71,9/9/2019 22:34:35,qrn9suro8uwdlde2up3jqeqrn9sure4z
796cf2f6f66cf06329ecc6067d7419f0,83406,Female,69,9/9/2019 22:35:00,memh6629xz96ialy2fonmemh66v1p1n1
a281e1786d161fa662889d708d71a7bc,83702,Female,55,9/9/2019 22:35:43,28wt4huawwj0n61ez28wt4ukg2zv0i35
875fd4dbd40ac7f647ed275ca80529e3,95403,Female,77,9/9/2019 22:36:58,16z8cqi856fmzff9cm16z8cjd0whhwm6
a1c01c1e19d75e84fac35f24d380dce9,80466,Female,34,9/9/2019 22:37:30,pstnr1m3ymcd7pqpstnr18d888bsfqx8
8a4b6f659345a35ce7f3f67d54792075,93105,Female,59,9/9/2019 22:37:53,m4vt1dz0wms8s462m4vwpuytt7fe24wr
ac428e55300ec6921956e5165d2889f5,19342,Female,49,9/9/2019 22:39:48,ze8axz3y91eoilg3lgkze8axbw79rlll
33f1d2cf39068249fdfd0e9f58ac0df5,22304,Female,60,9/9/2019 22:39:55,k2gxc885e8n8tq2448k2gxcccqbghp59
2557cae5adc9a74a1c8b37c707a44114,29485,Female,31,9/9/2019 22:41:13,43xrr5ifg81lnf43xcwww8mcns8atgnv
b54a9aa0be30c9840f59f972fcea6c09,50237,Female,63,9/9/2019 22:41:40,jje4m14bqfxrcv2vejje4mzccjqcjbya
7dd1f8eacb783aa0ec257424f46a3361,29687,Female,71,9/9/2019 22:48:21,ltdhrqvkak0vt5anofltdhrwsmrpwlpf
864177fb319a088e4e51722f923b7682,15237,Female,52,9/9/2019 22:49:52,ap2xo8ofz2bdqtyt9ap2xo854ggpj0o7
0f98b4085e8e97758d6fcb105aaec119,21771,Female,65,9/9/2019 22:48:09,qw1wmxetj549bcd4cvqyqw1wmsfhm06c
018b0b08b0a8dbc63f58c47b0c94d2e4,85042,Female,75,9/9/2019 22:48:46,11mb9zi1jusb811mb9nt8nit9d3h4yhd
4403739dc4c4dd1cf1b3d2c3a710e831,34134,Female,68,9/9/2019 22:48:36,7ezorp8xeixclg4bpmq57ezorpuqsi1o
4e3e9fffb2dd452fb5f78f13debbd417,77859,Female,29,9/9/2019 22:50:55,btenxsou7cjbta1pkzin1uh2zop0wga1
21d5da1e51bfbd73df649735231aee86,27312,Female,78,9/9/2019 22:52:18,ibby3b138zf6qwfczibby3n30zo85g7o
4e3e9fffb2dd452fb5f78f13debbd417,77859,Female,29,9/9/2019 22:52:27,kiytzlr56ynk0sekiyt2rde4na721452
70029a3e9161501078566cf97d7c19a3,30324,Female,47,9/9/2019 22:52:42,hatbl7fy446v3ebha71428rg4281irsu
70029a3e9161501078566cf97d7c19a3,30324,Female,48,9/9/2019 22:54:02,yddnw6rkjtmo3k2yddnw210p1f162wqy
dea5c6e8e6bc238c70761d751dc061d0,92064,Female,35,9/9/2019 22:55:12,74q284z6r1a8dpjhv74qo0kgdqd1wpay
e9844f8bbe433064e19dc1c5a8f649b7,30307,Female,59,9/9/2019 22:55:48,i0rgbnxq28cq4d0irpci0rgbchxqubsl
6ea6e966c54d785ad5793829cedd2bfc,95401,Female,65,9/9/2019 22:57:31,uwd6yduehrmuetzf6uwd6ydl3tyi1i02
f5eedec2f0672aaeda0998fea0105691,50501,Female,51,9/9/2019 22:57:36,uarelcn1hi1g70wuarelz1qlhs5jm5z0
36d7578a0331b243f20b364797b1db2c,33544,Female,31,9/9/2019 22:57:35,1fvgfnrb5yc8igapujc1fvgk6zs8vgnp
1fca1b40ae71bb6cbf876fd9d554ccd5,U,Female,34,9/9/2019 22:59:26,4ceuekq8mynebz54194ceuekdbktkwpi
1a17d03ce9ff421a899dc79fca403935,13108,Female,63,9/9/2019 23:06:19,8vobuaj024solvowvvq8vobu8uu1jpia
6f888b173e055ef2ada37951fe001663,27712,Female,48,9/9/2019 23:06:29,3n3ou0i7c4tiiqj3323n3owpmd70hsoc
165aa56207fbf2ea3f9f4fa3f5f2b521,91607,Male,61,9/9/2019 23:08:00,e8rpw4xp1fycm4s4j2ufg1xe8rpw7f2x
9a5b3cb2c69fa6811a1eac6e7cb66f5e,06419,Female,70,9/9/2019 23:12:09,qqm4o7m4l2nrry4mpxq5mqqm4o7m4pt3
4f747c5ca1b19d906f91083217f558c8,06470,Female,70,9/9/2019 23:14:12,yjmws2t6qt77lftm3ryjdnw0hgvqnkg7
17bf0c081108e7ce24235913dc41f483,91750,Female,27,9/9/2019 23:14:48,h0olfcdv1zcdog84oftey2h0olfeu480
079d2a7cb036a5058928c983a8aca38c,V9W3S9 ,Female,29,9/9/2019 23:14:46,5m8j9dx008b86l5m84roex54uioxjyf4
108de1e0c5283df5b0dd63713d644664,60626,Female,65,9/9/2019 23:15:13,lq2rbwrm82ywx4az8lq2s8fh0ikqu7dh
be1208f7f34aadeb9adee0a37caf3263,90065,Female,68,9/9/2019 23:17:34,tmstr72wsrp7sd6ups1tmstr7dtblm0l
d4e69c4323bd6b684bd9bedb77014780,06512,Male,47,9/9/2019 23:17:38,s2ltvmxmdi32qs2lt13z4dm4a1jb84ko
567aa4302a1af15a8443df6290d8e430,02492,Female,68,9/9/2019 23:19:34,z8n3d8jn3r88uuz8njjiddnic8857iyk
7c08e2fadfe9659edfd79e3617fd9ead,16066,Female,35,9/9/2019 23:19:32,uqlz8zej2es2wuqlz8zr2bdbkca0966z
7d8d4987891475d2548a25692b0ad495,80111,Female,9,9/9/2019 23:23:12,3ik5nq15qa72rhgr3ik5nwwnujbe64sb
e4dde0953001aa449363dc265556aeb3,L155BG ,Female,63,9/9/2019 23:26:06,g8anpqt7peyn420g8anbwt80q0flzb18
807571a4a37df493ec8d6183005ad6cb,55357,Female,61,9/9/2019 23:28:26,mgt81712ztl16fbkbpgmge3o8mdyhy6h
1db158d5d4ac76dda24b9111009fd206,19020,Female,36,9/9/2019 23:27:48,lgbltik8flgblxnjwgrw451diwmif7m1
a18db353023d998746ad82e1242f89b1,85021,Female,12,9/9/2019 23:30:57,45sp9jkxxgo90h7dcq45sp9zgr2yr8s9
f41efe400e345d30af3ef506dade0406,32563,Female,52,9/9/2019 23:31:18,fcc2friqktpjx841mttfcc2f9lncbe8p
7ce551943e737bd08eaed9ad36e0f359,27312,Female,64,9/9/2019 23:32:24,8pj9dig87z2n215f37yj5s8pj9ddj89f
b1b820cf3e850871b42181934177d00d,74352-6252,Male,65,9/9/2019 23:35:30,rcnz01dpot457nvr3lrcnz01irdx396u
fb20bbafb41311027da4224a44807ad0,06410,Female,,9/9/2019 23:38:23,hlzfese7k9c6f0ssa2hlzfesjvb1v2mo
d12a3331edc1a05f0df9758ad8630762,95621,Female,46,9/9/2019 23:38:19,3lcefytk6g5jz9t383lcc7djy4675ted
6c5c8e9a722831da0ec391169566fbcb,02906,Male,59,9/9/2019 23:39:26,ldbe6mgaktvkgldbeci4e0ltnsnmc91h
34db8eab1b50dec8f1997bb8fd4a2688,49113,Female,59,9/9/2019 23:46:07,pjj4zypxcuq13yk2pjj461wgrt0ztuhw
719e80205b8da992252cb1511133c92d,94061,Female,40,9/9/2019 23:46:30,ksh3475hto58j6bs29ksh347xdd2sdu2
31e50356ab9f439b5c006079f9c53b08,94521,Female,74,9/9/2019 23:50:30,l3qe3vquqze57uz32qgl3qe3qytlnf65
f7ea6e6734b6f72dfa7216d44b12a6aa,06111,Male,48,9/9/2019 23:52:39,5jedyk3txm50z1s2q6sm8e5jedyk3t7e
dc63e6ed5544a15a27633347d63154ed,23707,Female,33,9/9/2019 23:53:09,6e55h1cn25qm97596e55h1teknmlpipe
e22f2ff496a572584b6ca85907102372,21701,Female,30,9/9/2019 23:53:27,f6w9uplf4ohhlc4xt7f6w9utqembs5nq
edde806ddb4205305bf8a99e1c130f34,54501,Female,62,9/9/2019 23:53:26,6t2674mf8iggzdkfac0p6t26786v9q7x
87b744f7eb6df5fbf3e9e1dcf6a28683,01749,Female,56,9/9/2019 23:55:20,w1zuv426d3i74fxeww1zuoepgau18m73
852a64c2fb270cf1af828a107809e4c1,85008,Female,48,9/9/2019 23:55:05,shr0sr70c911309lsuhx8d7cusshr0sr
e22f2ff496a572584b6ca85907102372,21702,Female,30,9/9/2019 23:56:04,jlbr3o0p3wld8ox7ahojlbr3ut6ottpl
1253fe4a2537a01af5f992d23478349b,80131,Female,27,9/9/2019 23:56:16,joeihh0fy7oum7x5mg2wcjoeihh00c6d
1a0a15e4b98dfe1d7753a6922e53f920,V6S1E3,Female,62,9/10/2019 0:00:28,7957cz6qkr7ytr71zj9yrvdlw7957cz6
92eef8b25dd438ef40c7b93d4de22deb,46516,Male,57,9/10/2019 0:14:54,b3ezjkby4dxva1psh9d8q9b3ezjkby4a
e3f7c76116d9a1b255e8f99afe57a15d,06471,Female,72,9/10/2019 0:19:38,ibr8sohzf0zt4u84thowt3ibr8soaa5e
249e300dbb0ad0fe1be2fee5d1a3eadd,32618,Female,60,9/10/2019 0:19:25,1rgw8czlarjvyhdhhtj91rgw8czl4fun
798e635bf6f21bff9072c272615f6cd8,23185,Female,67,9/10/2019 0:25:01,1qpuqtnwfpvkihp7y2boy81qpuqtn2sm
9e0ddeb3744be9bb96a2806d667ccc8f,08071,Female,67,9/10/2019 0:30:18,3s3dojr3usew6qnbg2xn3s3doud2lizx
d24b1c6231b8d8dcbc925435a805346f,02134,Male,27,9/10/2019 0:30:08,hh01ie2pcv4tmw1m589hh01ie2j0w5qw
8b509fafec9bc56c20d9b282d2b3a00e,21733,Female,67,9/10/2019 0:30:40,zzss4ol7lsi2m42evq5x6zzss4oxouqe
a72f1f63aed8861ec0a1368cb72df905,68528,Female,24,9/10/2019 0:30:43,ioa0esnmgj4ow4ak8i9oioa0estp2qct
9068527980636b3c9b7ba581bf94619f,01562,Female,37,9/10/2019 0:31:00,rdhmmcs1q0eyglf5ksajrdhmmcs1fd61
4239e1e34b9689acbc8f730fa25bf5b7,N1E6V3,Female,73,9/10/2019 0:32:22,89s896fzloka0fwdqkd789s896fuk826
9d12c7c960590730292b70cfc80efb7f,T2t1s2,Female,52,9/10/2019 0:40:10,rt222cj6tggab8nk4bbftrt222ck65mo
c2f8c09f81af283d067750715c3307bf,M4C3W4 ,Female,,9/10/2019 0:40:18,8czxaorm147o2zbn5emq8czxao3xjuzs
208fbad340642b2a1c705e21b64b4b02,08210,Female,37,9/10/2019 0:41:49,0x47i4bkkl72prvewn0x479q7ubewrcu
ff08a3ce79b8596d05e5170ac02cad2c,40243,Female,71,9/10/2019 0:46:13,r4n1s2cv918f1h697430wr4n1s2pf49q
7ce073d5714f95f4589478f8e1ffea58,04011,Female,64,9/10/2019 0:57:39,fl6ux62fivd03c0qfl6u17e6b90zgc90
e00c4d30bf7bcd60765770562e6a0765,29609,Female,58,9/10/2019 0:59:46,61xsm3ug33s5603kz61xsspf7rz4j6a9
56c218ad6f47b35e50b161de644aaa85,34609,Female,71,9/10/2019 1:04:43,7d4xuco1lpvqg95x9oo8wo7d4xucl9kt
c6ad922c372b3d70ee55b61a70c09640,72205,Female,66,9/10/2019 1:05:12,sg450ejlp5a7oqyk4scwms7osg450ejj
d3b81513602509f09e44296506842596,06107,Female,61,9/10/2019 1:09:56,7q13dhdmcmlyiq94asvg7q13dhd1xaf6
f81740ccbe04d01a1fe54a1f010a4bbd,82941,Female,70,9/10/2019 1:12:29,fx2yc5xcymhw0cns9x7tcdfx2yc5xkf1
fb31b5cb99bed0599b034c3d76eed097,23228,Female,68,9/10/2019 1:20:34,zrt6dpdfpc0e6vrzj2dzrt6dci6x6d29
09c25ae23c741d85b68a661d8de8435b,98506,Male,71,9/10/2019 1:21:45,84dc5agti8yfigrwolqc0ls84dc5c6dw
0d29a6dde9e38788ba6a480bf902fb53,17361,Female,61,9/10/2019 1:22:44,xa3lbk531tgjo48yxxa3l6sprbh1hh8x
f68e66cc9ba4061a80c233ed40b56bb6,K2L1P1,Male,65,9/10/2019 1:24:40,tc1xmj422um9l0vf2jdjitc1xmj4thpl
8f142e2b117d14f3ad67f534395a8f6e,60659,Female,71,9/10/2019 1:25:16,nsyikrgeuqox3ml9nsyidoevml6rd3h1
b96040feed4a439b580603496f48c61c,20001,Male,5,9/10/2019 1:28:03,r9dsz08mm1xwiewxnqr9dsz0luvz9hty
80a251a0adc4cc273938d7b6cbfd6c1b,23320,Female,42,9/10/2019 1:40:50,9hozioympsy3sbegi9hospw5ijaepugs
452b26bba5db04c5a523dae6021f2678,V1N 4T5,Female,66,9/10/2019 1:45:49,awxfn7teyh5wv9yetawxfn97oy7490vb
ec1b1c976391cbf252504cd29611fc54,12977,Female,,9/10/2019 1:48:10,jun9x4pvvk71jgdn9gov4jun9c17ugsf
717f0c3acf8b8ada195d39182e2423f9,71909,Female,59,9/10/2019 1:53:10,zc3th2ez32cvwhvfafrq01zc3th2exg4
46ba6b5372e2dca8075820e0c40188ef,21078,Female,36,9/10/2019 1:53:25,rk6w3b7y27ufcoerk6wsvgmv5xj4pdif
0143addbe877065bb8d940e6e8901700,34684,Male,70,9/10/2019 1:57:08,o7ga8lx5e5edljxorca7xw0tyvl9sngi
c14a2d0a323b817ead5e1e61f3538203,5073,Female,64,9/10/2019 1:57:43,dkp794oao6m6b6q4bz1vsdkp79ene30a
e51f25b03783f5f81ed0e0deed294ce3,60098,Female,68,9/10/2019 2:05:21,oi668454wdb8962jyoi668ssz1a1h7yg
d7fb7143eda4665bf6c21129ab02840d,35178,Male,61,9/10/2019 2:09:16,kh6tm6npe44duj2me6rejfskh6tm6n1q
266fef22eff3e0646c6b80ac1e2b9620,98087,Female,63,9/10/2019 2:13:48,mbx5asxdohtrzoic8legqmbx2ztb67zh
ad9605b6a83469509ed6db37cef8bb7a,5011,Female,38,9/10/2019 2:18:54,7ehr1mn381kad9ty4w0iq7ehr1ma8j97
a4667f943614167f8e3ba7c0b8f3e83b,32333,Female,67,9/10/2019 2:19:04,zyp75jostgrwk9ne7r39zyp759m0ns8c
6811bd9e82d7a76c5438bd07113b0327,T9k1A7 ,Female,40,9/10/2019 2:19:54,abqwqvxgd1m5epabqwcxf93s2t2pmgpy
41ea28784dd39c66c0f7c8998eac1694,07750,Female,68,9/10/2019 2:20:20,epj6noynkg7n3936i1h1depj6yjclt1h
0df2b224b1f6d29146985aded1973319,98103,Female,65,9/10/2019 2:26:58,5e9y6b1nspdbsrwt687k5e9y6b1n9he0
77da5c17343c5e84f2216d9f475d692a,32401,Female,58,9/10/2019 2:32:55,sjso4hu97e6yr0tgca4sjso4qpbufsca
898098067875b8b3f73666e9154b828f,32533,Female,67,9/10/2019 2:34:09,wakjtd73glchz9g0h93udwakjt0xmf1b
77da5c17343c5e84f2216d9f475d692a,32401,Female,58,9/10/2019 2:33:57,l65yd93qq7b304b33ol65yhdyt75k0fd
9dc147b1c2490d98bd83f20c3cb484a9,80212,Female,34,9/10/2019 2:35:19,3zobymnu0mwsmdndd203zobymw7q8iuz
77da5c17343c5e84f2216d9f475d692a,32401,Female,58,9/10/2019 2:46:28,9rsyyejd2h6bjr132w9rsyyedoct9hvu
72cfe39d0c362a1dd1b60b0b7d7c298f,45322,Female,34,9/10/2019 2:48:25,o9i96vcgkapbp7lakh8rto9i96vwxix8
d7a3e72998536bebe2e3d26b92e62af4,L9P1G7,Female,48,9/10/2019 2:59:35,t3oph8ph2hpms5t3opme2fj5ymumht3t
367990ccdcb74ee83133ce4387dc55e9,44124,Female,62,9/10/2019 3:06:15,w8go4r229indeamiww8go4rtm47im085
9d4b270a43d76afe96c692f6d215ba56,7050,Female,74,9/10/2019 3:23:06,wyz846x39i5px3nhwyz8oeqdl16nftrc
6eaf71e5bbc614f30b4e478c4aa0a4da,L5M6Z8,Female,53,9/10/2019 3:27:30,pfjsag97z3fiezjhkpfjssrppzi6rpz3
c007868b803628986d3216901ed00797,95018,Female,55,9/10/2019 3:49:50,dj09lovn42fklcl5lvdj09lov10wql1t
0180dd62878f2d494db4e6aae4695386,60640,Male,53,9/10/2019 4:00:52,24o0bm5r2671889k0j1iq24o0bm5redy
84155e784cae7d62097ef477c17422c9,V0N 1G2,Female,53,9/10/2019 4:49:12,rqo8lim92ev8bgu8rqo8wfu2hjjk5umr
b130c6e7c2a90ad504aac583db0f7c6f,48872,Male,61,9/10/2019 5:03:41,owfvq0g05z0zh1qdz1wgowfvqp4yggyr
602058dddbb21b4b05677c68d32f75e1,98284 ,Female,38,9/10/2019 5:25:10,307wij8wl71ftc7mk82dt307widv0geg
f5b6bd5ea4abe4c4160396a53fc15ea9,8740 DK,Female,29,9/10/2019 5:50:02,ncptyw0v0xgbgjncptlgnd17ggclea06
9a378d058ed31fa2409d6e04b0e41928,1331,Female,50,9/10/2019 5:54:43,5o19eqcvk37d9od5o14211cbw9694s44
0b97f8837ea3c4d3af296df31a1e2ef2,H91 HA2K,Female,53,9/10/2019 6:00:36,y3g7n145ocjc19dfaq294y3g7n1llls5
4d27dfc84687eb80b941c5c14d9ef99c,24250,Female,55,9/10/2019 6:07:31,317zwmfhwafsduc8v317zwmf863fzvdw
70ccfd619b793fea6f8c1d1aac7c8249,02920,Female,59,9/10/2019 6:10:09,mkc20e5394e8fwf94fqmkc20efvqkztz
8993b95a6f9c2b3a70e30ec33eca886e,9080,Female,43,9/10/2019 6:35:33,n0ugckws62577k3qt8qn0u8ssptb7lgw
01f5bf70d07b1e05f2c5ba2fdb6c40fb,8600,Male,6,9/10/2019 6:52:14,90fp9cx68lk7hduo3690fp9cg2rf7dh0
a908b7e52390f78a7206b1a373674422,3300,Female,34,9/10/2019 7:13:05,gzbgk8vpndkxs2cve7ngzbgqrb4hdrso
ddc7f43480e2686680ac72bbbe186e63,01309,Female,59,9/10/2019 7:35:58,k5s6qozk0s39zcamk5s6qu12j75j7ig6
629cacc64de4c337c396f2c77e54e8da,98528,Female,39,9/10/2019 7:43:54,hc77k80ovmvg955sznd5hc77kna3lffe
cb0c2ed598f8c598b0816fdcc01e5b56,01279,Female,30,9/10/2019 7:54:49,irx6i0mgrtrah5rz11sirx6i0mgi4bgd
ebf404cf85a73ad07076289119e7ff80,FK5 4AZ ,Female,64,9/10/2019 8:30:10,nkx5iei0hcx1iamhkflxnkx5iey74u8f
ebc7eeb94ef53a0ce18a2eaf30753a31,66604,Female,76,9/10/2019 9:28:33,0sm5fly2j1pjmkmk70sm5fl97mdb9e5i
3036804a4de63d50f292a8f44c996cc4,DK-8543,Female,71,9/10/2019 9:32:41,qdt599zp939fo3vwqwzoqdt59z78y9la
cf13264bf549a75b226fc6ab0b15abeb,5081,Female,50,9/10/2019 9:32:29,loo3qivsvq458qvloo334k9hdqml15e3
75c0fd1641eb145d4eba65e8a671c270,28115,Female,47,9/10/2019 10:24:47,jadf13jcix2ggc1xivrko2xjadf13je9
aa5cd42466452b011bdebb18f46f95ff,54729,Female,38,9/10/2019 10:44:14,r5chm7kdai680dcpr5chm7kj373vvh1y
37e3ae7846eab8051d070538407bd23f,a1e 6k4,Female,48,9/10/2019 11:22:09,99vlh7do3um8vi6y99vlh74sd2pdz3zu
04f523289d3707d312afd7f133a85400,21117,Male,71,9/10/2019 11:41:45,21q0rooccir2u2j21qrp1v4dxmxtv718
c123a776414dbf30b64bbce4e76d2ff2,33556,Female,60,9/10/2019 11:41:25,ij4gxxul02pyqqij4gx5dghqm7apnp2n
e24afea051f61952bbca4bf1b9cfea15,04419,Female,36,9/10/2019 11:53:33,y6xbbq5fxnmty6xbbq5c3hby9qlgjenx
dc5a372432c173b9b5ac28e54ec0533f,01454 Germany,Female,33,9/10/2019 12:04:33,km4iyff0orhentk6plikm4iyoa6y1sdi
eab5073d656b586ba20a47ee9af01601,TR16,Female,31,9/10/2019 12:28:21,cw6tt1he65wygcw6ttmt1pmul4nhpguw
50844f4b3f7acca457170a44a9bd8448,06790,Female,70,9/10/2019 12:30:55,q6nr0jqcmi41mjoxgq6nr0yxdct2gac5
6bb82d6826dd66ce2a89beb8abe58a6d,19054,Male,59,9/10/2019 12:37:21,vunxdzw19rhob0qgys7zhvunxdzwyxvl
24c369587e2b9de2f18c42181e3daa12,22003,Female,10,9/10/2019 12:56:32,lhunpg00r881urmj2lhunc2xx2pkun17
c214371e8ffa1cca83cd871bf293d125,01257,Female,65,9/10/2019 13:06:18,1egsxrru0tb04g3ob1egsxzakp13z6e6
eba1e860b2666d86995b0c90b23e6260,R3T1N1,Female,24,9/10/2019 13:15:52,jc8y0syk81mxjcfa42ca9s4ywka46e3m
b26c4bf3f3597baa935ff238a20b1cd7,91107,Female,61,9/10/2019 13:18:13,t8eiouablfj2o90swkt8eioudk3kkfqs
0b433fc5435048c68b92ee6c122a0c96,V4T 3G3,Female,47,9/10/2019 13:19:58,dhcsubh1mjadliwgpncryqudhcsubh13
c0ba2e5b0f122df2c519351eb9d2636d,27703,Female,65,9/10/2019 13:22:29,ilmwuy00pmc3m0ffilmw2uu5or7qipdu
0be9bede5180729225584e96f24dae89,83705,Female,50,9/10/2019 13:33:02,a0wmapax86boz6sa0wma4khfn2ac874w
6e249f0b23bb2cfab269d80cfd277ab0,04102,Female,41,9/10/2019 13:45:04,1jh9h0upl3n32slmpno1jh9h0u2w2i9w
a5069b3d48cbac2d77080428c7d8d315,72211,Female,70,9/10/2019 13:45:47,7a983erdgewu9oz5g7a98zzarok2gzhr
02c983a2def62e515889b3f6657b212c,97213,Female,51,9/10/2019 13:48:02,i9cnjmey6rxttkay8h8i9cnjme5xgst2
9636fa1b66ffe7cd47849befee49645c,79761,Female,59,9/10/2019 14:00:33,akskbf68yewthe2qoitrn5jakskbflue
f25f3d407a99fa09b90556df7f632275,M4Y 3B4 ,Female,41,9/10/2019 14:31:58,z2xckb7742kbb9vbvz2xckb1rd5kcy81
55fdd0a90e7cf9bb452c1b27fce26bf7,04676,Female,68,9/10/2019 14:10:17,5su2kqyeh3y4cilffx5su0s44ey0r0le
5bb294bba8c6e14a6ead1e8126078c29,55125,Female,68,9/10/2019 14:30:36,vlgxzxe6sb1zgpe62vlgxzx6yb2i1eeo
7c997ec5853775741a365bd100a13884,94901,Female,45,9/10/2019 14:31:27,gx17rezh4tqx7vsrgx17rdep2cj0yfr3
5a5d73df460991c9ad67af6c813046d6,04032,Female,56,9/10/2019 14:34:52,tnj8v9qgqg89kgytn6im5w3bncphiuek
cd5419ba9303a68bfcdf4855d94ba232,WC1H 9NE,Female,51,9/10/2019 14:45:16,773rbpjp0tyd4yj5r1s7773rliuc07mq
58d410165c5392797d93c3230f6966f6,49508,Female,68,9/10/2019 14:54:02,ivcw4m4ngvr5vqivcwc5xziixjcbd773
4a0e77c0d496878b9f6328077e43ddf4,44720,Female,52,9/10/2019 15:02:47,rx4d202quv1q5mpdrx4mk3uvyj4jowk4
15fd4b93f1fa33add0849ee2fd813583,SA5171,Female,60,9/10/2019 15:09:17,cxqqfzblz95d2nheo0o8jcxqqps74sbm
f51ee17997bc4b6f971f7458f0566d50,R3l0m1,Female,60,9/10/2019 15:36:23,dtnisknrwqc98dcf6dtnisk8isf7ku79
4cbc734d07dac345f688db17b0046a21,98380,Female,39,9/10/2019 16:17:47,9v0zdzhgtwp9vdr6ykeur506jygg5tmc
2a2d5539b827fc93a0a0bb6750ba868a,96160,Female,67,9/10/2019 16:18:50,pbyrfmpgg9jek3t6cqgpmhpbyrfmpuwm
65507365d81c421a7b724e42a1f7b01b,11238,Female,38,9/10/2019 16:19:18,57g923jbv39loy57g925c79dfm3oi2i8
2a958a19c348febaf76670adca12f029,78270,Female,42,9/10/2019 17:14:45,rjw036aclfrmkcdsclrjw03xmruw39wd
0a755f86f2aa94d10fe771ab1c00953a,73008,Female,34,9/10/2019 18:03:56,01471rz2guhkwfri0142ay18l101n2ch
fa3f9a2a0946ca43ff6e7e5daba9cb9f,99645,Female,27,9/10/2019 18:40:14,4oel43hhg7x3afxql4oel0vwsawhm2wl
2bc2827293dbc9e206d1f56184ec6b94,63052,Female,70,9/10/2019 18:44:03,zt7mrfx1bot9fcuvj6zt7mrwwq1npqcn
ccc9bbc09eebbc6a539294b12faca785,01005,Female,54,9/10/2019 19:35:57,xmbrxomnkft5rzykxmbrxounylou1e7o
25587b4408ec7d96dc077e432d465fcc,70535,Male,62,9/10/2019 19:37:15,jy697fsa80f0dt9k833opcjg2jy69753
01f09881fb038ee28ab0ef02aa80d87a,01370,Female,29,9/10/2019 20:20:21,yoh2vqf5vow56xyoh2fn2rh6kz2dm3kl
397ba313ac5908858fbf85981c7457b2,06262,Male,65,9/10/2019 20:50:56,2hu573wywfc3ga2hl5psq1c5yfi8r8ca
265b0072f9758bf2b985cafa6b2a5e87,74114,Female,63,9/10/2019 21:27:28,rdp4bbej59jbjrdp4x5e5ff8zvcjmi4x
ce27690a21ca23dd5c348bc5988324a7,J0B3G0,Female,62,9/10/2019 22:57:37,1b8995m4uvch76a621b8999bz1lqdum5
091baaf748b85cd4e3d57e573957d4a6,66049,Male,71,9/11/2019 0:10:58,0nkcrmx1hmag5ksoh0nklfmkuerz5oh6
a53efebac1d330c29ee112f4abeb9d41,G7H 0G1,Female,59,9/11/2019 0:51:25,d6rs27quc7mkazx1jd6rs2h4hbl0ah43
fa05ea3de0647eca5254dcaa48b94f1c,85303,Female,37,9/11/2019 2:20:08,ljnp8jpqcsfb9o5z7tjljnp8jpq1hjrg
b57e7b8c70cee24bb3c17eea181b7d1a,76442,Female,52,9/11/2019 4:31:20,0esb86rks57v4fmj7k610esb86y212ra
ee1b789378709451ccf9ee19b73ef756,D08VW1A,Female,42,9/11/2019 10:28:51,0fqhgytxzkrij6kzw540fqhgqvmz2icy
d367eb5f4fc1c5ac00d4db6d5950e98d,15217,Female,40,9/11/2019 13:09:21,gzqo8r4hgquy35cnea32fl48gzqo8r41
9afdcce19285b02be10cab2ecc7f6950,L3T1E8,Female,71,9/11/2019 13:13:47,3jhkgg63y5ipspke6433jhkgiv8e6m5o
2f03652a8af12ba72a9662489b13d987,19601,Female,64,9/11/2019 13:27:22,jbvuzujlreza9ri59ijbvuzujc88lp3b
8c606bb69021e02de3ae24989fa2ac6e,45504,Female,32,9/11/2019 13:30:52,m063f7sdjau71lm06ndh7mw11r2mjdu8
5199a5f76e09b6c19da430354de08c62,02021,Female,37,9/11/2019 15:13:45,rrjq1lajdp6cr21o1nrrjqiryqwk57ij
74b6003dce69fe3f50dc264b3374aee9,48301,Female,66,9/11/2019 16:01:32,i03lt485e6lvu8kxin51i03lt48zu32t
08ca24f1bab55d64f6177c0d34c1a61d,21226,Female,65,9/11/2019 16:05:49,6532yews7p087y4rd6532lzl5r7lhq1g
33168204f3838931d95b972732df500a,60090,Female,32,9/11/2019 19:24:56,7nlwfa7pdpjuvzoc8x07nlwfa7ai7ktc
d53e26baa0d6c0ea1696b95845abdd6b,V0R2W3 ,Female,55,9/11/2019 20:31:10,twyz0ooy1z82p890twycg7ev0gf36cg7
ed743a628c41cbcd533715692544355f,K9H7M3,Female,31,9/12/2019 5:46:55,flgd2cb3tyo6flgd2cqsx5qkdnm9ip9h
df9768ba279ae5d61f95abc9b4c5d3df,5089,Female,67,9/12/2019 5:58:19,w9r6dp1q2378ovoxy0xvw9r6dp1rh2kq
d0ffed186117046c800173074bf23490,TD11QR,Female,68,9/12/2019 10:23:42,owigshqciokf9xq2mowigshpunt3cyl1
13076dc152df41c62527fd1b19d8d981,TD6 0PG ,Female,0,9/12/2019 11:14:58,mazfr919of29f3mazyfh0turdaniyfh0
dd7f4e5806ee42dfb5427b657d3645d5,Ne4 9dr,Female,65,9/12/2019 11:45:32,39774nc6hxmk4818z39774nc8j4h4muy
fd32ec11c4ed90a9d2a63eb321f331e4,WS15 1dl,Female,66,9/12/2019 13:01:58,p77d59629xbywf3p77ws4oq6oszu97dt
60d63fe8e24a20a695b1d274f722be1e,27617,Female,46,9/12/2019 13:46:39,gueinbspf3bp7wthcgueinb4syrz2thw
d53d4855749801c192e79b1a859c5a8d,28584,Female,26,9/12/2019 16:33:42,7xspy67o3lpqwu52ya3g37xspy67j8l4
c5629e7bbd4a81525968af0b1e69abda,63139,Female,65,9/12/2019 17:37:19,a4yojx28glo9tgpupoena4yojndd6ewx
7c54eca0883227490010f00ae1338a9e,60184,Female,49,9/12/2019 17:38:34,99dquip1q5v6lv299dqo14cpxglgbupd
e24afea051f61952bbca4bf1b9cfea15,04419,Female,36,9/12/2019 17:38:55,tqdiutg66p821xutbtqd30p90dzkrlbc
249e300dbb0ad0fe1be2fee5d1a3eadd,32618,Male,3,9/12/2019 17:40:19,k9kn4v3jpuql7vk9kmvylioq9mnbv743
a0a4e0e40679a000ada96123cd914626,01876,Female,50,9/12/2019 17:44:39,8y0edpqad22rqe3x2g8y0edg661e2dde
b844a11e7bee63f1ac861df84916357f,L7c1z2,Female,28,9/12/2019 17:40:41,4529hb6a3w0zp0l4529hbgb6wyu8j4oy
97e0af97fc9c8d85ae9fb3031bfc2d8d,T6R1N2,Female,66,9/12/2019 17:41:06,nxqmsqi8u3rp37wi3xnxqmsqdwk7ugxo
50844f4b3f7acca457170a44a9bd8448,06790,Female,70,9/12/2019 17:41:25,yca85ndp1yupbh9cycajruzrnunv10fc
c2286cb8cc79c99986e4cac9bc03de1f,54437,Female,38,9/12/2019 17:42:09,8cqgho5ov0bm0qp42978cqghopl12f77
a48afdcb625020b2c5f5cb2c25a6fe90,06807,Female,,9/12/2019 17:41:57,ggvv69l1ibqn5bcyggvmp4mp3kq31e95
02c983a2def62e515889b3f6657b212c,97213,Female,51,9/12/2019 17:42:53,wel8noy80ib4wel8k236y4sto9kqt48b
3ea182741999dd54cb902c478ba2704c,03031,Female,62,9/12/2019 17:44:23,4rrix8iqhu9duqjnxti704rrix8xj68x
0ca0e46ff442269a449e23b7e3422ec7,97333,Female,40,9/12/2019 17:44:29,ma2bh6ggeoohxuiy9oma2bh2z9jua7pi
5a6dfad2b49b8f415accd15c4142856f,80923,Female,48,9/12/2019 17:44:36,m7xts98mkfkp4ib5b8b0r5m7xts9871v
e3bf1964255535b0e9013c8dbe9be632,e1a9v5,Female,42,9/12/2019 17:45:15,7lxuwtb4tsx11isze7lxuefs2p53hepq
a516f4f71f8fc6ffa476f01524f6e304,DK-8543 ,Female,71,9/12/2019 17:46:13,x6td4qcse3dnqx4rx6td8hs83nw455pw
7804b7f749563ddc6f36cbe8d6ddda99,38581,Female,65,9/12/2019 17:46:33,ydwgimu8iko1adrdjdg4ydwgimbretl1
d3f024320d4cb9b184b2cfdeb27bba0f,18974,Female,34,9/12/2019 17:46:43,aebyesbav5pb2vdxm3xcxaebyese047l
ef87ef980e6aa9cc397a4c5a5ca28011,48198,Female,65,9/12/2019 17:48:52,vnp56od9fnrzyaj6pvnpfz3yogwpa4qz
70ccfd619b793fea6f8c1d1aac7c8249,02920,Female,59,9/12/2019 17:49:52,i6834tlrbopsziyrhsc8xi6848n4a1fs
f264b03681138239e1b8db7bcde16af2,71909,Female,59,9/12/2019 17:50:51,u7ubp5vjjfi6o3ddquu7ubp5r1pn30g7
2a958a19c348febaf76670adca12f029,78270,Female,42,9/12/2019 17:50:54,0lt8r4yqjinerfn90a110lt8r4y8zzr2
dc54a3ed0f481dae6f5d3488546df23a,8330,Female,38,9/12/2019 17:51:13,zleuss5tjir0qx6zumg7zleusdm4gkel
f3e710e91b266ce38e5c4f5675135ef2,20106,Female,65,9/12/2019 17:52:10,c7yvd9cksy7dyngequ0c7yvd9cksbmvj
8fd558fc106d8b73248ff5d9ee6c709c,98274,Female,72,9/12/2019 17:52:12,q4twmvpjoutmfpxh43llwq4twmv3ipx8
25b8b8aa0f42cb32f346dbd6e4585514,97006,Female,38,9/12/2019 17:53:46,0i8bx4y7zwzkns500i8bx4m81a7e9ury
d53d4855749801c192e79b1a859c5a8d,28584,Female,26,9/12/2019 17:56:54,48v3nre2828d3nkakge48v3ndub4vm5z
3296775b76be2a03e84b06b1c636b8a8,9080,Female,43,9/12/2019 17:56:31,pgh0e1k2f5j27q1kmpghqb6d870shqqi
f2f98c84625ac18739e0ab23e241bb07,74127,Female,67,9/12/2019 17:58:01,mumg6uh4u2kqxumg6iz1cmumg6ejv9ez
b1b820cf3e850871b42181934177d00d,74352-6252,Male,65,9/12/2019 17:58:50,331r86po36p331enztu7dr5mpzx647o3
8fd8884f08feb4b100d770a13a533195,72227,Female,70,9/12/2019 17:57:56,356uywu5dtao2l356novskw7piyjcjun
eae916661dabe0586369dac4a5ea26d5,06824,Female,61,9/12/2019 17:57:54,ru85kdtsuyj52jnru85u8t2ljofw4a6o
0df0490ace5629890ec178922da064ad,27101,Female,1,9/12/2019 17:59:05,m32edpe5n9ukttpugqdx9rm32edpe5sn
f2f98c84625ac18739e0ab23e241bb07,74127-2720,Female,67,9/12/2019 17:59:50,206m8crc90bbf3d3tmcf206m6ugjfuy1
9e19aefae9c788e724c45c70c7c6db01,27529,Female,49,9/12/2019 18:01:37,sbb3id36hkfa6eejj9si0sbb3idc97m5
b8f463e92e5cbaed564868d393258dba,47320,Female,60,9/12/2019 18:02:06,jebtrcm4agor50192jebtf1edxyzj4il
1e5e879fd8bad21248f6a14e5135f472,K9K2J5,Female,7,9/12/2019 18:02:41,b6669afmf1xrlmgba7ibrtq1dn9iqa4y
4b9b94b1c15fe39613a5c7ccc744884f,1000,Female,31,9/12/2019 18:04:39,u2l71qx2unw1gs8dohweku2l71qx2qpe
bf7a297415da100c55cfc0cf30dc2d2e,78748,Female,24,9/12/2019 18:05:09,1x7ogc3jydg38hy1x7o7qvgij9sq1zbw
48f9e8da3375e7666c6e9a85bc25e33e,02135,Male,27,9/12/2019 18:06:18,v4i7ch08856t1gvv4ipyexfhoqbb2yr8
1a35acbe91e1aba5973b895565eca715,77584,Male,12,9/12/2019 18:06:42,2lfssdrfczl885ivy2lfssvptrb89cbb
4cbc734d07dac345f688db17b0046a21,98380,Female,39,9/12/2019 18:06:21,xk1qukdr66jtuy7djxk1quwslf992lym
daa2466709452a9f1423ccbc8de86cb3,V9N2K8,Male,39,9/12/2019 18:06:53,4f2u7nlzvru4xa67ts47e4f2u7nts0zt
4fa0d913204f6953fecf541c7a7e0cae,06906,Female,35,9/12/2019 18:08:31,7ce5it1lgixsel7i7ce5it1ir9oth6x9
164fa9849df911239e63772145eb74b4,53300,Female,71,9/12/2019 18:11:32,jktjsozpthk3h53nz9xdjktjsbvdi3xj
6eecee88d636e5b6d65e626852cc9a89,06524,Female,65,9/12/2019 18:12:35,8ltvz9v8ciz2pzaixcik8ltvz9rer3ir
78d969cc32608f96d401b659de51c31d,97301,Female,45,9/12/2019 18:12:16,l4p34vfn6qox7i9ldj7xl4p34vlr0bvq
386fb5c3732c4e168e2e97dff0232a40,80466,Female,34,9/12/2019 18:15:18,nem3qmeicek7zu4tvasnesrklvln0nls
691ba039e835748d7423040e05898141,06790,,70,9/12/2019 18:20:55,iao6mxadruvj7ijziaoshs26urb6qlbw
6e0108d3bc39bdd5a9329ae4f0112fab,50310,Female,30,9/12/2019 18:21:43,ibks30w163yj9qo1pzibks38gu6x48wz
56c218ad6f47b35e50b161de644aaa85,34609,Female,71,9/12/2019 18:22:08,z4vnuvqmbju4iej8guz4vnuflbiasoro
7dd1f8eacb783aa0ec257424f46a3361,29687,Female,71,9/12/2019 18:22:33,0vkz67dnn2m79dwukje0vkz62f06mngw
78d969cc32608f96d401b659de51c31d,97301,Female,45,9/12/2019 18:23:08,3tus2z9v16m1shy3tus3s0aappynfpa2
2bc2827293dbc9e206d1f56184ec6b94,63052,Female,70,9/12/2019 18:23:51,s4xbju6dfxim1b27q9fs4xbju63438w0
a5069b3d48cbac2d77080428c7d8d315,72211,Female,70,9/12/2019 18:24:50,orapxu0jext0bqajuorapx5fixf16w9n
e6bb5b4ba15f08c27445486cb42b16ab,81252,Male,66,9/12/2019 18:25:41,ntfqv1y6tzhjdv4icntfqvhe1hlo8u9s
87d0438cdde21f65c65779771aab0d9c,27278,Female,47,9/12/2019 18:28:28,f144xgcsy489t0wlstf144xv8tkr7aao
bdee0ea484917f9fb64b01a9cae2595d,19073,Female,,9/12/2019 18:29:37,sar8963p8wwl57m2sar890skya62xzjd
ae555fde6cd4c8940193f206ea0cfe28,12077,Female,26,9/12/2019 18:29:49,1o8nfhir3f8tn1o8rdpcaets467bepbn
333f50be499be4af0a582806eb6e0821,55416,Male,60,9/12/2019 18:30:41,23iz59ahkd50tj7a523iz59h0lljului
ebf404cf85a73ad07076289119e7ff80,FK5 4AZ ,Female,64,9/12/2019 18:33:34,4qn2k37qki114d99494qn2ktptns27z2
8e553d0106b99bbedfb0890be6aaba15,48120,Female,55,9/12/2019 18:35:26,c6aw4dyzu5kd2fyc6awmzohjd4auodg7
6eaf71e5bbc614f30b4e478c4aa0a4da,L5M6Z8,Female,53,9/12/2019 18:46:06,8aqjacokcddl4ty5jhu98aqjacb49i9e
b4f3684fddcd029493f061f47225a76f,67213,Female,30,9/12/2019 18:50:24,hj1bz8z641x42qe2ne4hj1bzgpg6m9aj
3104181fa331c432c12c254c36751fab,V9M 4J3,Female,,9/12/2019 18:51:32,1d3amjtioiqvx18lec1d3amj7i3ud5p0
538bec98fe6cc7f560cb4c174aaf753a,98382,Female,59,9/12/2019 18:59:30,718v00wcf7rdo86ce718vwa4isx2f0oq
1dea47a15c64fa070b47bbd0b2fc2bdb,97266,Female,8,9/12/2019 19:01:44,0ijc06v511ffb0ijc0ac7gaqm64dlyof
47ec70d7aa1b474fa5a476c99165e56b,V9j1l9 ,Female,29,9/12/2019 19:04:56,iadbny3fj8pbegtxms2ciadbny36vhdp
412ac45524d493215c51731b377f87df,72205,Female,66,9/12/2019 19:05:46,x9zeud2alp85gks1hfeybwjx9zeud3uj
96643b935760b7910dd34812e7368d23,28411,Female,71,9/12/2019 19:07:58,qb1x5m9h8yftts9cox5inqb1x5cfn91a
f5dd6338c9bb41efaa7bbc0cbad52350,2565,Female,35,9/12/2019 19:09:14,ktpm2qqr5iet5cdk2w3mewfn1ktpm2qq
24e23d01d4b85d6df46f366d4c06d6e4,12477,Female,50,9/12/2019 19:13:43,vudk5klu00h511kwhuvudk5eye0xmxhz
3051b24bc9c380c39c5323df2aeef759,19138,Female,59,9/12/2019 19:19:34,x14zg33en7ug91ijx14z0hrkzu36zyu0
06ba5d368484d15ea84314e7d1602dd1,EH20 9EP,Female,63,9/12/2019 19:20:28,qw6oi8ekvyuaxhqw6o28dvoprwm6584b
3051b24bc9c380c39c5323df2aeef759,19138,Female,59,9/12/2019 19:20:30,8bzmqiwvhwxxtn6yduv8bzmqiusp96lg
c5daabac3ef90dc9ade253a3a5fae2f1,37037,Female,42,9/12/2019 19:21:18,330yvtdqbirkktz4lri330yvthodke62
e8b06650fc9f4ce6107f381a654b2357,gu20 6dd,Female,33,9/12/2019 19:24:49,lrras3d8gchuvg6cifwm1fmlrras3de3
983c09f29adedcc77f5974cbdb8e3b77,55357,Female,61,9/12/2019 19:25:12,t5w924oz3b4t175eutyhivzt5w924tk3
03532c1e79d357c34bd789d2473187f1,03784,Female,45,9/12/2019 19:29:26,ek6xakw6haqcuuv6hkek6xakwwz7xvo3
3f39a78c9db340faf12478f30454aff1,94949,Female,73,9/12/2019 19:41:14,vpammw1hq48cvwuzdvpammwl4f4pk20c
1499e0719936c28987beb6060b1120b9,8501,Female,28,9/12/2019 19:48:34,jhi4rd6mcmv52p5o1xx5infjhi4rd6k3
bc3819bd8e17688a391cc321464c6e42,60424,Female,61,9/12/2019 19:52:58,27hk8z9yz3z4iz5xryp154x627hk8z9f
d269d860efe167af83e39aa640d695b1,H91 HA2K ireland,Female,53,9/12/2019 19:56:11,hlpamsenfdcrxrtz3hlpas6q1ytl9lhm
7950b23aa8aaab967da5f014334ed707,95633,Female,63,9/12/2019 19:59:46,k8u1z3x7f5gurcp5245k8u1z3xa6ixwh
c007868b803628986d3216901ed00797,95018,Female,54,9/12/2019 20:02:08,u7r4om18k9jyoo5r7ujo8u7r4omrguh0
1ec46504cdaf80f45b0939010bf74f86,60657,Female,58,9/12/2019 20:07:52,rzdr8eo0ye8t40ppom98y6airzdr8eol
399951c34e7271f85bf716da2c8c7477,45322,Female,34,9/12/2019 20:15:57,1t7brpps3r3jj1t3c4h1jmryxg903c4h
3766e5d3abce6995594de540876c1d30,99577,Female,61,9/12/2019 20:19:44,erksm31b4jqdnbf3fxerksmntomm4rav
78cbfcf97a40b952cd5d5090c2bc7fc1,78209,Female,53,9/12/2019 20:34:16,3mwp6f21i5zvlv66nig3mwp6fcy3irhl
21788fdd7e675a2f3b852e7713182e37,20912,Female,57,9/12/2019 20:41:03,j3nus6yrgzi98cbj3nus6wsba2g1ys29
5a9309fc2f5704842697737f38e4d98f,85207,Female,38,9/12/2019 20:47:24,errzpykgyvs8thtqrperrzpy646etbba
bef85dec81c2961d8d11824444d8c999,06370,Female,65,9/12/2019 20:46:23,guc92or2bw0kes3t4mguc92xfn8q9xxu
207e4721c24d1ac3ef94fcb9a5c0f90a,14213,Female,7,9/12/2019 20:57:04,8y6k9265msvsv3nrc1xv1yf8y6k92w7m
c723442699aee48b4e59d841fb4562d0,49120,Female,46,9/12/2019 21:05:24,2lmz22la1ijzpk4qm2lmwsugp3orq7t1
0858c8908df178b9f6c8a9996cfaae95,94401,Male,58,9/12/2019 21:06:15,k4yu9yig5zets87gwcu2lu3rk4yu9yig
b736b99181146928640cb9e3d5377417,98260-1426,Female,60,9/12/2019 21:09:07,1un9gnp4sfgfiqowvpjas1un9gnp49qj
214d4cb490cc9928bbb1d5d133b9b0bd,08071,Female,67,9/12/2019 21:10:23,ol56mq24oxtimkpyvu2ol56m2h6fdnwm
3f3467f3ef7f5c9cd017c471bde5999d,01106,Female,62,9/12/2019 21:15:17,8o7tauazhfse0dcuo5khf8o7ta519dpz
c123a776414dbf30b64bbce4e76d2ff2,33556,Female,60,9/12/2019 21:25:50,hp9djw2ztby6uvvhp9dcdu4lrhkt8i0i
28387c7154b3d680346abb47fc678943,M9c4w8,Female,26,9/12/2019 21:30:04,6vfdgyd8158o7bna3rme6vfdgyd7adt9
0d29a6dde9e38788ba6a480bf902fb53,17361,Female,3,9/12/2019 21:43:49,9klqcoc626b5k9mgneuy9kla7aj26kl3
7b81a5c927e800faf2f1084d3fa3c4f5,10044,Female,46,9/12/2019 21:48:12,er9uszcjm40t0ehner9uszcwir92zyvq
98e04ea71c4c1d6a1e5152e435fd360c,V7M 1P5,Male,42,9/12/2019 21:50:17,gz7odmbfubo40de6k91gz7odm0ky84ed
567aa4302a1af15a8443df6290d8e430,02492,Female,68,9/12/2019 21:52:53,8yxno5fvyi2oq8pa8yxnonbi48l603xj
972db5561692755e1988395ffef7111f,20903,Female,67,9/12/2019 21:57:23,obdouupmv5v0vlv14n8p4obdoueagkps
cd776dc384bfaf2361e1553834277a22,58201,Female,1,9/12/2019 21:59:34,k05edakoydlhsk05wvhdk789rgo4gug0
dcaa2d6bc7c4385ced26ee90137b01a5,87048,Female,46,9/12/2019 22:05:19,ff8z6iozk185bunff80hxzqx6i4ior80
d723aef9b222e5d43e9cc0ff3f587dcc,22554,Female,59,9/12/2019 22:22:39,foj0rdn2pp5fs51t3kfoj0rdn0cggvcg
e868d9170e83c46ea09be0d691df1292,52341,Female,57,9/12/2019 22:39:18,4f3tloh3a7aunke4f208ft60b8vtmf6d
e3c9015c3bc2c236b65ab608b8a4f32d,22602,Female,28,9/12/2019 23:00:58,jiuyijiu3xdrx5jiuyq5dumtht5m7ccu
515de67b8426875d325c7b90eb88e908,27284,Female,56,9/12/2019 23:20:40,7xqq69x0707atyrr7xqcf4omp1kfutkq
c14a2d0a323b817ead5e1e61f3538203,5073,Female,64,9/12/2019 23:41:07,lugjt5qa9vlxhuglugjtvr0jtf9ixzes
ec1b1c976391cbf252504cd29611fc54,12977,Female,,9/12/2019 23:46:00,qydup04tbk1r5rj6pikoqyduplxrjugi
965cd16e07cade77dee2502b250a1ae0,12206,Male,35,9/13/2019 0:02:48,axrbgvav46kehj4w5odvaxrbgvudc97g
4b81fd49bd84ddd8d7eaf085f800bdf3,98275,Female,66,9/13/2019 0:24:14,cyhcb21lf3jukcyhf154ni6sraxjiiat
a72f1f63aed8861ec0a1368cb72df905,68528,Female,24,9/13/2019 0:31:37,8im550phvzjucuc4l8im550jgdp1bmsp
84155e784cae7d62097ef477c17422c9,V0N 1G2,Female,54,9/13/2019 0:42:03,wlk2iarb1hxktdp75yiuwlk2i51ackaf
0180dd62878f2d494db4e6aae4695386,60640,Female,7,9/13/2019 1:13:12,4rxr3tb0fxyf6k6mi9g4rxr34hog3gg9
3192422533515ccbe6c4e00246a14cb0,NZ 7272,Male,83,9/13/2019 1:29:12,6avbff74wvov90q86avyrmstxo3au9bq
9d170382759da672d359fc9114de7a1d,02494,Female,58,9/13/2019 1:40:46,9m9o41sdviuuf9m91ed23qiifos0x9go
7d096efff570833ec729ee09a0c3163d,V6H 1P4,Female,30,9/13/2019 1:45:03,7yi04fw768aqspv04b8l7yi04o2nhckx
e9a38f45364c2d7193fb4363e5730e53,85295,Female,34,9/13/2019 1:46:48,sis1jyvuds39679sis1xwqatnlfbvnvx
a7551b4e8b1894f3c26e2e6ae8632510,94525,Female,44,9/13/2019 1:53:12,v8dyssgyn0p003q0sv8dysjd8wmutm0q
5225ce07da4e25f8d241f8a0a1f4ae39,k1c 5s6,Female,52,9/13/2019 2:05:39,k0tasvzhkt82zvk0takn6hufvpyh3a91
be8b1dfbc9b4b289ba8276f0026df0d0,89139,Female,71,9/13/2019 2:08:32,qzh6lcdfi7f8a300wtua9qzh6lh3qekn
079b6ca0deaaee3e568749aced13e124,43147,Female,23,9/13/2019 2:31:31,kf7cu17hf0u5p3iglkfq1hxncapbjund
cfbba54441154c184d453a942b798c59,91001,Female,60,9/13/2019 2:35:55,pzenf4nhkld5qgbnhqypzenfh9u41dgj
783631acb746738f7b8ca9955b342725,29625,Female,35,9/13/2019 2:52:20,4k7t21i67ucllpfsu8q4k7t21hjvjm2a
61225f1ed32cdfc62a71d693560f4c56,52776,Female,59,9/13/2019 2:55:40,n49amnkr0esyb696kp3n49atafu0w1dn
8f3c1dddfe101da826e2a7ea7a2f1847,06441,Female,65,9/13/2019 3:07:34,kir81s62ijp1sfkhkir81zjp4kakqs8j
686bfb267772284a70c140706e875611,55406,Female,50,9/13/2019 3:33:23,ijg919w4x53qq8zbdafijg919wjiuaos
8e562967a4c90ca09dd47d6a26a9a2ca,C1N1Z7,Female,38,9/13/2019 3:41:51,j2rks367m2i1b5of7zz1j2rkszjz874i
9e5a372caacd1bef9a3724f4934f7580,06062,Female,40,9/13/2019 3:56:23,rzjswhbe3u20mtk0idrzjswhviauahgs
61b3fd58b17c043fbbb384a0167313e3,KW14UG ,Female,68,9/13/2019 5:47:35,elr0vthxsh7wiwj1ttelr0zjmk9cbr5b
8f1f45f9c1caa2f03fe24a2f9075f5d6,2034AB,Female,5,9/13/2019 6:04:22,nb26c4ibx6bglic602q2vnb26czhsn4z
37a03db479716583b96f20974cb15f88,DE21 2NE,Male,68,9/13/2019 6:34:27,v7a4i6zp2xhs44gfi9quxv7a4i8aejbc
378631a38fd2e37775eb20a9f123699a,1027,Female,49,9/13/2019 7:11:25,4dhd3bph93ije4oumy4dhd2btqf400n0
88825ab233850d7f68f48cf8acdd74c0,5000,Male,49,9/13/2019 7:31:15,kyigc5m9kpzeke2j99lhbkyigc5ml8cn
4e98e8003ddbefb0b14657fa06064225,7560,Female,31,9/13/2019 7:38:38,jtebvl9nwqdvhksz3ugjioz3jtebvl9n
a4f93d8080dc2246513b557c9f953f43,DG1 2BU,Male,35,9/13/2019 8:31:15,mkvndjs2ncc5tqcenhamkvndcllqofmr
2e6d59c2c1cb80e0020aaaff705eb9a5,97006,Female,31,9/13/2019 9:24:05,nk6d114ol7hgxjer9nk6d119xu3cwomo
97a23898b4a1d7a5e4df872d620430f5,02135,Female,44,9/13/2019 11:01:51,pr2w01ts50qi6besoabpr2w018ns4n5p
ccc9bbc09eebbc6a539294b12faca785,01005,Female,54,9/13/2019 12:50:25,i5dllde001f6mtwsi5dl5q5bq81e1rvv
f5b6bd5ea4abe4c4160396a53fc15ea9,8740 DK,Female,29,9/13/2019 12:51:18,ucaze3dylevhvucazrfvqdjdervte1fu
221b3c8cb47427599d7e297a5809d7c4,23836,Female,8,9/13/2019 13:39:14,svubzxqf06xacpr91svub6qz7ggkuxim
ddc7f43480e2686680ac72bbbe186e63,01309,Female,59,9/13/2019 13:45:10,75461xxibqcnfid7q1noqbzr75461xth
fd1f550a40ec7c1d2035cbcfd57c82a7,6717,Female,27,9/13/2019 13:50:59,xks7s659wmbl152wlfc5rxks7stmtrua
6811bd9e82d7a76c5438bd07113b0327,T9k1A7 ,Female,40,9/13/2019 14:20:49,xj3egl4289uotbxj3egj0fgjg961bzaa
b8693e062ae0549191b7ddd7c50c6484,6110,Female,51,9/13/2019 14:23:57,1bl7daaq0uk6jiritn241bl730voa7lm
1df16e270e2878b5bf2d1b8c8e4061a2,67217,Female,51,9/13/2019 14:56:36,3p1om52cqul9cakc2tsyra1o3p1om52c
69bf8a11062611801ad4c1464c75a0ff,49515,Female,64,9/13/2019 15:12:47,ymod02sd7omgfy7yduupbpuymod02zhm
465f724d7f9d1903ffe9ef1230a2054b,52403,Female,64,9/13/2019 15:14:13,fn2h2xdoz3zolzg859ro8tfn2huzymfi
98e39f1d7854268ab7cb801be5505907,22554,Female,48,9/13/2019 15:57:17,r168nphs0iaqkcxar168nphpxthkase9
1a7dc4996745c93e40a8358221524f46,BN254HG,Female,61,9/13/2019 16:26:03,03aljkixpy73lr53703alw8yif05snn1
26c9db85c769ab4d5f819a9a578b53f1,84094,Female,35,9/13/2019 18:45:17,z0l3lf8qqxu5r0z0l3kbb57eqn5722us
3c50d91f0c9ef55ea41f8c0d699b1bbd,24066,Female,26,9/13/2019 20:25:35,jpa5w8uylg220urq46u1eoejpa5w8uyx
d1c1dfc60bb73494caf6df5b39c18b75,89060,Female,53,9/13/2019 20:39:43,xangejesh66zj3yvjfvifbzpw2xangej
10f41afc5cd88e4520c664ba4452c0a2,4118,Female,55,9/13/2019 23:10:20,qgbokf716g6fxsxa2wgaqgbo9khy3oi8
d7fb7143eda4665bf6c21129ab02840d,35178,Male,61,9/14/2019 2:17:04,o8hn1vi4cz3sabrge20o8hn1ze4m8be3
a06b6dd637aae15b04b44fad7dd9e6f3,02831,Female,42,9/14/2019 15:47:32,olgwglvhicu0t7rwdluuolgwgel8y0qv
58f1842aed055a4f032f8c17894f435e,06514,Female,40,9/14/2019 17:28:35,c01uf7g0oeifcq97zcmc01ufw7mnk4pz
33ee1b436951f573c0d5a3cc12a4a4cf,K8A 6W4,Female,48,9/14/2019 19:08:39,mflwox07z7fpv7vmflzjcfsyib1v5xfc
0c86d7ba33892f1bb33553d64c6f84d3,30144,Female,49,9/14/2019 21:32:40,ig9yjnwe93s03z2h9laig9yjqbpbajxs
e53ed43350f7432ec4b8617f5eaacacf,02494,Female,49,9/14/2019 22:11:27,kb4wxtikittqkxrckb4wxmf1vawil1xn
2b0b7ea5aa65a7c80b6f82b06e852de9,47327,Female,46,9/14/2019 23:11:10,eg8cqt2e9usvkreg8cqt5le95hn54xla
4baf6645dce998801183697454193053,30032,Female,56,9/15/2019 1:40:35,qokuua9pclp15trouhkqokuuaajib10m
08105a04ac9001251c23740dd19af79c,21769,Female,67,9/15/2019 12:49:41,8xu87gf7fyy6a492i2i38xu87jwxysxa
b2fab11c197a8c9271d71bbe369e05e3,87010,Female,58,9/15/2019 16:39:33,9ylhbvvrkdanx00vzh9ylhtseeati5a6
9e58a72d8884b8a7f335cabab308d3f0,60050,Female,58,9/15/2019 21:29:34,ql609rvrzl7z1c6subitrkoql609rrja
ed7acd81e89ad33116343a638c3196d6,95602,Female,61,9/16/2019 6:18:07,1mfh4vgpgbeplvmik1mfh4v369zynrhd
ac516ff38c17b184724b157842b8709b,23114,,,9/16/2019 15:12:37,4glptj71jnbhbdgi50u8hj4glptj0tzc
355b71884757837cdf73981aa7908f5b,06068,Male,68,9/16/2019 19:30:15,vqfq3bc67eemx1n6zg5fvqfqx1jx6tjh
76a7702fb7d501ebc93fa04f43185fc6,D07 y3k5,Female,47,9/16/2019 20:42:58,8bb1upxhiymp88bb92fs7yhc9i2w5ftt
2556894a2c899b765e37fe972f4aa262,06095,Female,30,9/16/2019 20:57:06,69pv9qwfy69pa2aqp1sit1rbqbm4u4a2
c02246f9f80b762091af2ef10092fe8a,90277,Female,53,9/17/2019 5:42:25,81q6loqbmn9im81q60n9lfu6c4mszr9e
650448b3c2f6db8733a1455aebc8bdbf,19348,Female,18,9/17/2019 15:03:22,4uozbfoulogz2sjgsv4u9h037ls4o9qv
2a958a19c348febaf76670adca12f029,78270,Female,42,9/17/2019 23:30:00,avyhaob3x01nu6pw8lavyhdorx4jbzn0
37af9609d45208f95041392765628896,9041,Female,28,9/18/2019 9:42:17,ekquapey1yuzzw7rgekquojdghhrklxe
f7b2a92cd07f1f881ce8bff182368d30,05346,Female,29,9/18/2019 13:17:22,on5tuthey0pd4o591baj7ron5tuthl5n
e2886d18ea83462ce6e821360d24e586,dk3200,Female,37,9/18/2019 17:26:18,nayjvck7mv03wsheyggknayjvck7kigt
8f92507b6e321be07d59ce917a4a8baa,83201,Female,63,9/18/2019 21:19:45,79fl9qlm7ok8qp79fl9q30xy01fehwv4
89763a5d76c7348f9b02848d57a1cf5f,T0M0W0,Female,9,9/19/2019 0:39:00,cjpmgrfdtd06dsue9qivcjp029jm1fg6
70b03db954aa45fc2559e85f5d5bd13e,15116,Female,18,9/19/2019 17:38:46,zhb2hrxwqfb2vpv3lzhb2hys3zf8hrg9
de95830523d38ad98317b95af152c974,28112,Female,1,9/19/2019 19:22:53,uqx4ww8oawjhcs40t7gquqx4wbxh0jwc
8af95cb204759836bbd9064281a4c716,07002,Male,57,9/19/2019 20:24:13,oppbz605ysr41oppbzk3n6oxqo4i0j1k
1c74763924e4168014bf3ec106acbf66,94063,Female,65,9/19/2019 23:50:31,si0xjhtlcz2fho0nsi0xjnun96xyzfjf
403a31d123c6a5116dfb6383352dc012,46013,Female,52,9/20/2019 19:55:32,honejdhjhkoacpw6honejdfag8e3ussk
9a5b3cb2c69fa6811a1eac6e7cb66f5e,06419,Female,70,9/20/2019 22:07:18,nib9mtod1f5mw6nib9mk91y8r6ho6vl8
c18724e4e22754141d1166cf33fed646,60048,Female,57,9/21/2019 23:56:15,na5szaqh5ugd29rnkyl5na57gvxs4om7
e9af3c6cb2dbfcaef04831a942bbf7d9,14466,Female,64,9/22/2019 1:09:50,c4mga3krpomgp4lpc4mga3ev5b7awy8u
52f1e0790a139eb4a981cecc05cc8400,30606,Female,36,9/22/2019 1:21:42,immup2h8d6k8un1xpgeimmupa43561gx
471d9643220283694fe98fcf1ceb0a97,03060,Female,34,9/22/2019 1:22:57,1dvrsxlxllbwogy1dvrsrv3ewa6h85v6
ec2f4d095c0760104c9ed5b5f3ee0d52,84532,Female,57,9/22/2019 1:26:45,pkxjw34wr94hvqwpkxjv94y24mjzgdfw
1a0a15e4b98dfe1d7753a6922e53f920,V6S1E3,Female,62,9/22/2019 1:32:25,rzrp0b6xdlbj2p4r8crzrp0ll6nx0zc8
24c243113faf5482ceddcddc3f5e928f,32503,Female,61,9/22/2019 16:57:58,ghej6q2zm5sr9qtul1sr6pghej6q2z8r
1edfd35c1e608eabbb35725170247da8,53149,Female,59,9/22/2019 19:17:12,nqw4w0c6k37zxgblnqw4w0imob61rozi
2d3dcce6d3a16315d0879a1b5e97338d,04210,Female,60,9/22/2019 21:45:22,y6mbldby0e89kfa0hy6mblznxa8dc1p5
038e8315bf3c992795c38c5bf511db3d,15101,Male,21,9/23/2019 3:11:09,h2tro6rub0qr0vjivt6dh2tro6r5aqdw
15f009910be193841847975f12d417e5,44124,Female,52,9/23/2019 23:22:19,78sall5t3fk0uwscnf78stindezix6ii
71f05448d4dd25dd3421f252e280081e,92084,Female,34,9/24/2019 0:26:46,j8xiu97nxj9c6z4xj8xirxrvcvkiyjuy
aeb5764debb0b83fbc4032a3c302ac26,98052,Female,16,9/24/2019 6:03:30,9whf77p3pfjtm0kjsz2168gfa9whf77p
7387f25a71d211d77dfdc31c767563b8,75067,Female,49,9/24/2019 17:50:36,rdt2qn39txdczw35drdt2ftvtrfs7u4q
2a3d643f7f8d818c75e73a10da1cfbdd,82009,Female,59,9/24/2019 19:20:36,1nsoioodr6yst3zj6plebr1nsoio4a1g
b0005174c779e0a61f3f8a83072714a5,06018,Female,42,9/24/2019 19:42:40,gzw37b816qax642vnyzmgzw37b8jw88c
a35041c7954c2dbf5d5d217fc9c7fc30,,Female,14,9/25/2019 16:53:11,xj9ajdw8foyvq35lqn2cxj9ajdw8ffq3
f2ee069e739cf2a919b5deb31fa44248,46530,Male,62,9/25/2019 19:57:49,ye5wfskb2a6ye5w7d6nh9e6iz76z94i7
636aff26c000267ac35c6549149c008e,20815,Female,56,9/26/2019 0:37:24,bpt2lli3ph9gav0ogbpt2lr28s6v711t
1e859c78ea0ea5a9b5bf1a9213e7b04e,14526,Male,18,9/26/2019 0:54:55,e064c3sbtcbdylf0kc8qe064c56mtoiz
bd6830bba48c7309d354e039ca0615ed,08062,Male,18,9/26/2019 17:51:38,xpwjr4geqirkfvj3gcxpwjro5ulh7lyh
3398d15e32173577729c6fe2822cd75b,26508,Male,18,9/26/2019 18:57:12,ib08bis6poj9vwvbiqtjib08bi8fx1mh
10d568debc3c0047e927aa7b72d6447c,19073,Male,18,9/26/2019 19:18:30,d2649h9ddn6ucmd264q4lp8wtbcwkdla
10d73ae2a22c4cb6955813375cbb5615,16870,Female,21,9/26/2019 22:12:56,pxfkdxdetymlu23xh8hi2mzpxfkdxdox
164dbe3d26eb2e778b4b3bf704f53738,16803,Male,20,9/27/2019 0:11:06,p43ty1g5uluomy05hbp43tk7hsui4u5j
51e0aa4b2937587ed745ff275c7ef379,02066,Female,60,9/27/2019 12:54:48,y0fuj9dgqury56a3ya7py0fuj9lyqtun
d1e19868e8e5eb057e375bf36c578978,20902,Male,20,9/27/2019 13:11:17,s0l6r4lypjt334n5j8l4ms0l6rsvcc3s
75d0ac1234805817cb5659ac720c8fe3,H9C2S6,Female,61,9/27/2019 19:14:25,vjmh73smfu3vq2ypt0uyqkvjmh732645
465f724d7f9d1903ffe9ef1230a2054b,52403,Female,64,9/27/2019 19:15:39,er2e6lfrh7694lpruer2e6bm1csrktea
c4c076e640db785875cf3af2b6e58f29,SP97EU ,Male,40,9/27/2019 19:18:39,1rd41w3b03fid5jc03b1rd41wtzk3plx
3b20f97597497dd6c36807cc9a897333,L4P 2S9,Female,58,9/27/2019 19:20:14,hs9hasnzzcptv7hsjt63at88eobcdy0u
8f6069017a74a6c8e8304649259fa367,G60 5NN,Female,52,9/27/2019 19:22:01,bnv0t0qcl8e7j7ztvbnv8pcxhyyrmeb1
a23c973cfab084e05f7c7680d08944ab,45458,Female,,9/27/2019 19:21:36,f6ik30au1ktx88kzvrv727f6ik30ackt
f52712f5811767c664a110ebf8125ff9,55416,Male,69,9/27/2019 19:22:09,cn99yqargnl36l5logq3vuhcn99yqary
645523d545b3fe3868b76954e2b7fc32,01223,Female,50,9/27/2019 19:23:50,j7gt91unv228o2aw5j7gt971du6y985g
9517141c4962a5244fa86d02abb843f9,DK-2990,Female,45,9/27/2019 19:24:56,p2qqq4ahlvubzgu6p1wgp2qqq47vst5g
bb40c3625ff96fb66a7901236b527f11,06478,Female,56,9/27/2019 19:25:42,9vklesjokh0ekt9vkltqa7rt9uzm0dgp
357f13d944260ca94461b2110af06423,19464,Female,31,9/27/2019 19:26:06,mlnccurdpdsabrf6l5vrmlnci6pmqb3c
90885a5b0019fb1d70c787b5b10c90ea,78028,Female,31,9/27/2019 19:35:08,mxdfkyfzlme3d8rbjmxdfkmtd26mmyav
c88a640d8d2dbbe96052d499a9588abc,91607,Male,61,9/27/2019 19:37:00,59vh3dntcax725ejmoz45m459vh3dn0m
23b82577dcbf8db7828deed72bb24a82,28112,Female,71,9/27/2019 19:42:50,pz0vtdxllrb6dozk1h95oupz0vtdlqcv
50f31ea8260bf0b53f574e5386181222,54868,Female,47,9/27/2019 19:43:31,cd50qo7rg2vzfnj8baxnlstcd50qo675
8f413214a65939c21e88ee9aaf78b258,19464,Male,56,9/27/2019 19:52:25,7n9n8tt9rp21wolisb7n9scnvhjgrj6a
cc9cf8bdcc5ebb1d9eaf3be047cd087d,97224,Female,66,9/27/2019 19:54:24,8z82s1b6ipb4uya9a8z82s1m1idwm68m
04ab3db1ed6373a357878b8480bafa04,15143,Female,18,9/27/2019 19:54:54,335fmgb2ia597ifnk33curyt4m6kqezz
79cc8c0f9b49022764e4224072ff6ff3,35040,Female,51,9/27/2019 20:09:48,w2497dfqb4wwflo2w2497brjhyes0qm8
f405f2faebe3a279b57e51786adb9abe,P2a0c6,Female,36,9/27/2019 20:10:30,lxw2bqhhohbec7gsc1lxw2bnh5iirsnw
6316a55b2c3aceb939cea75ca6c976b4,62629,Female,62,9/27/2019 20:18:27,ab77ca5kkvt3ilx1rvab77vnepu3q6ta
93f8daa7597b218a2fc5269519622c9c,29803,Female,73,9/27/2019 20:40:31,1kfrkfxj38du9tmqh1kkgourw9a67qll
93f8daa7597b218a2fc5269519622c9c,,Female,73,9/27/2019 20:44:04,t2xpivwm81ewxawfst2xpns0kaf28xa2
be840b0bc31016571a85a63386f8eff8,98275,Female,64,9/27/2019 20:45:38,ioqatl2b05omjd7clqerioqatfvmvs0f
796cf2f6f66cf06329ecc6067d7419f0,83406,Female,69,9/27/2019 20:53:38,gcwpfxcd5lij2lihgcw8t13jrtokk010
898da0b1fab70bc4b14a871e661c5579,53300,Female,71,9/27/2019 20:57:07,dk0qodpmpl7ck6moizdk0qosthdag3lm
6d1a893b0a4511ce3056b28db8bc7b52,94520,Female,28,9/27/2019 21:17:52,252w904ubvmzc7lgo252wqcl2blbcy1r
7e42e0348aa4b577abc09ba7758cf9e8,95693,Female,49,9/27/2019 21:26:43,4fkvbkfij51vwu5l4fkvbkfi516o08ig
0d9511d0cb7b99758f0a54554754449c,99705,Female,36,9/27/2019 21:28:16,e9f3v09bf7myoczh2ge9f3vaeuja3ytz
8f3445786dcffe3cc6e90fe227c01856,20747,Female,30,9/27/2019 21:28:01,7znii4l8z837zniii4rbrcl8rsoj7kx0
dbaa6d2e79ff1ae70fff53790035f5ec,40361,Female,,9/27/2019 21:42:14,zruq5vypotb4zrur611u3qvdou2o09zr
6811bd9e82d7a76c5438bd07113b0327,T9k1A7 ,Female,,9/27/2019 21:48:36,5u3raxgmfuj1rbdkgkm5u3ra9vgmcake
f9968086714b82f1c1c87019d1187507,01201,Female,62,9/27/2019 22:00:39,um337e24yfkth1djfum337zx48sqjrl3
095c60912c8976c3343978e564ea365c,06419,Female,70,9/27/2019 22:06:58,jgodja7hqlje0m0wfjgoighkmepe1xrv
8409855472150a57e14b3fe120d5891c,28115,Female,54,9/27/2019 22:31:58,c2y4rie7iie2a7wjvjtrzc2y4ri1wud9
fb53dd679b402b937601e93c878272a6,75126,Female,61,9/27/2019 22:43:01,v33mxyb2pt3va1xayajv33mxyb1sgslt
d41983939067162867e86d7ed7ea7e42,92657,Female,36,9/27/2019 22:45:21,6769x73qlb5btsii78bq0hgw6769x73r
3b799c7a00055605e8b4b17f554a5448,80228,Female,69,9/27/2019 22:48:00,hmrokj78ph81rse8d7hmmhsbqrcwsg0j
34db8eab1b50dec8f1997bb8fd4a2688,49113,Female,59,9/27/2019 22:55:29,o8dzmmpmvp0d772ryrcho8dzmmpuxkyp
73bac42b4556400ee2a8a6e8b3cc811d,20874,Female,77,9/27/2019 23:09:36,zd5gls1j757suvi0zd5gls1ye4yb3mmk
5c095aa6c984e4a33e10ff64d75d055b,3437,Female,,9/27/2019 23:16:50,h969zm4xxq30k45dnugph969zkq53472
275ffa493895136d177cf535a774dc57,86004,Female,48,9/27/2019 23:23:48,97szs4424a1m7dmvzuv2my97szs44apb
900d4e9f25cd33be1efb0590f88151c3,28906,Male,10,9/28/2019 0:05:05,osub0vme5ei55asosuiz9ibjv936tl1p
a18db353023d998746ad82e1242f89b1,85021,Female,52,9/28/2019 0:21:31,ats6eonvri3cvcq04qn1ats6eonlkwav
254a5e0932cbde423ffa1bc9e9e13b98,94601,Female,41,9/28/2019 0:39:05,ricsy0t2z4d1lllxn7l3a4ricsy0aac2
254a5e0932cbde423ffa1bc9e9e13b98,94601,Female,41,9/28/2019 0:39:53,5tlk48ceda527k5z2iw65tlk1tanmqe1
79b69f528e68e41a88576c811e53d8d3,95125,Female,30,9/28/2019 0:58:53,2hwe7rjjeex5ri1c3gyywn2hwe7wkjsh
9cee20cada2786f31a8166dfc08e9432,N0M 2G0,Female,21,9/28/2019 1:45:41,cwtx6sq3hsthv2l1bqjcwtx610b8eqjh
a53efebac1d330c29ee112f4abeb9d41,G7H 0G2,Female,59,9/28/2019 2:18:23,k8n9s2w5qn70za8ek8n9syehhazd6jxj
09d63a32c1a54764b2486f8630931b7a,82601,Female,47,9/28/2019 3:30:27,l80dtxn0s0otxp2ku13cbl80dtx2e42m
f9d84791b0bb15413be8bff4328f0381,50313,Female,44,9/28/2019 3:48:41,syq4gkab5unantzl704isyq4gksf5ea4
c2aef1edde7d06830777c4d5b1dd2f98,M4C 3P2,Female,67,9/28/2019 3:54:49,xz0v8yonnq6eltd1xz0v51haenez12ru
b73c220e85699b51765012bff8bf3b7c,5000,Female,60,9/28/2019 5:57:11,u4p6bex5o6o9c11oepfu4pjq302wi10p
baa8f578c6fe23800034f0c46d08e7a4,Sn7 7au,Female,37,9/28/2019 10:10:07,djeq9cier182qbydjeq96trdaro8ky77
1abc9dedb63db60fcabde052ba37e96b,,Female,29,9/28/2019 10:55:32,y4g2j6qvzj6qhex8y4g23yesmh54o88l
13399fecad9403e83c3b80839e8634f7,13069,Female,65,9/28/2019 11:34:09,flal0728er3sq2l9flalidmvhxyi8oel
89a1cc69fc12ef960b2fccc70da6f052,60045,Female,76,9/28/2019 14:05:52,3qoi051m0snj8z3qoj04gowmgi30zem7
5403f7aa1646c169ed99df8c13c2a287,93552,Female,59,9/28/2019 14:18:36,pd2zl72rjx8n3exikkpd2z2p7wuklyuo
1725e1bffe1e1611f9a1683b5802e3fa,02906,Female,59,9/28/2019 14:36:24,qjep3mu3rm9f4uo3ynhlhbdbqjep3m14
ae27ec311045ed4a4c683c91b0b4acad,84118,Female,34,9/28/2019 16:11:58,5me8y1i2mc7gav5me36ng3rd63rta77f
0b97f8837ea3c4d3af296df31a1e2ef2,H91  Ha2K,Female,53,9/28/2019 17:25:59,di2zejfchd99s19di2vvu7735pbuxszm
bde024b9952e01a7cff597a8f5ede496,K1C 5L5,Female,50,9/28/2019 18:38:02,i1is2otp9hyzcg4gpfsi1isd3lhwe06j
82ab89f4cce9cf78554c058c828123b8,92117,Female,7,9/28/2019 19:05:26,0i113kalwha3u5n3s7nf90i113k8jacs
0efcd39aa2b3b87d3647fb97525713fc,02127,Female,40,9/28/2019 19:24:50,7ut6dwmk9yn0pqmm1v7utur7obvczgj0
88ae1299e068c7883a779fb5337167cb,68134,Female,70,9/28/2019 21:04:05,1jzhxhkze58z8pd37k1jzhl37zfddi6o
6a22a32fb34564c1c01ad41ef37992da,53717,Female,75,9/28/2019 21:24:40,zo1ixle6249p47vf0azo1ixlxhfxrgbi
0ea07b7177c261703443a4f1d2e6f68f,20141,Female,72,9/28/2019 21:39:04,s1hxlbqh4k0h81de0ma9s1hxlbqoyvz7
9864b1cf8588a37042a0b91c09f700e3,04292,Female,64,9/28/2019 22:07:02,eoa8hh7wwdntn46aoeoa8h5usv1otlxx
f7319ed1d51f7b89bd46dee941e925c3,97138,Female,58,9/28/2019 22:19:54,82t1rdpyza2f06f182t1wom0jku7ctsl
f0f47d16de045c8443015739d97d79fd,98225,Female,45,9/28/2019 22:40:53,jiy50rszhl8o2525lquye7gjiy50rsqm
036a3bb5465fb9cc9f361458e4d2a18c,01460,Female,58,9/29/2019 2:21:19,x7ldjzj0h4fmkrrf2z7x7ldj0suth9q8
aa5cd42466452b011bdebb18f46f95ff,54729,Female,38,9/29/2019 2:34:44,aqzfg03mnh0aq15uebxzu6fms0zu11ky
061ca92ab9232ee80aa89a221f72ee73,3340 AUSTRALIAN ,Female,,9/29/2019 9:26:24,0l92qiu2op35iaj0l92zwshac040iqkq
71c17ff8a14f75a41d0f2e728d1601eb,K1T 0L6,Female,45,9/29/2019 15:47:38,divetpsv9ogg43vo4divet22d2iqhvzw
6671881c3380f747437317f8f4795e3f,K1T 0L6,Female,8,9/29/2019 15:51:10,jq9yquqngvd72ydjq9yqy7evxb4r086m
6671881c3380f747437317f8f4795e3f,K1T 0L6,Male,45,9/29/2019 15:52:02,1quh4odtrslt8sj6o1quh4v04ztqw3sy
5de52e950fe3ac6f3dbb20345feb84c3,10021,Female,34,9/29/2019 18:23:29,shvj37539vjyoodsshvj3bk5d25wn4iu
4b3ea5c5dae19196353d304958ea00e7,K1g 1g2,Female,42,9/29/2019 20:30:22,7vrx0tzf5brgs7vrx5enfrzrxegqf5en
5316b599faa2d307471a58d6bef5293b,01237,Female,41,9/29/2019 23:53:21,lgrc5xq20j8h564u9lgrc5xm0lkm88i5
c96e30821db2644433f484de1d878b0c,02038,Female,42,9/30/2019 0:43:05,ura67oehcssexdof6ura67nqonfcsmxt
c02246f9f80b762091af2ef10092fe8a,90277,Female,53,9/30/2019 4:40:51,rtrzf2oxsgvahq6l1rtrz0ixlnymss3m
249e300dbb0ad0fe1be2fee5d1a3eadd,32618,Female,60,9/30/2019 13:35:57,s906bdpw3gnaz9j1qs906bd06eawmsqn
c05df8e121456cc24a89b3c355bae18e,66211,Female,34,9/30/2019 16:05:33,v55l1cm56oa319mv55l8tm179cn0l09k
e5469ad933b7d954776b51c3e1984011,28027,Female,69,9/30/2019 19:54:05,jatesmugq8ssz61tjatesu899ih30i2g
3fee48c8caf8b0e6dc2acb06017fa1aa,,,,9/30/2019 20:28:13,7r3ysamjclwxl7r3y8xwncypislhinr8
82835841d00972a71c47570024f8c644,B0E 1B0,Female,48,9/30/2019 22:01:19,rusuhwi65z2pwprsru2xvbx6398djb8k
17bf0c081108e7ce24235913dc41f483,91750,Female,27,9/30/2019 23:11:27,hbhgr4ul486zorq57gz4hbhgre2qggbo
aa19812035227135c6ee97bff9c55e52,15108,Female,41,10/1/2019 2:07:37,lo1ex7oll0xijyyc5xyhdlo1n2taqz88
9ff497fa8088f9603fa62dbe34243cbe,01527,Female,65,10/1/2019 19:21:36,grzshffvj7dr84wpwkygrzshf0wjyxph
163f3fc956a6c923ba5e41108e256df8,33462,Female,31,10/1/2019 20:07:26,07eg9fwlnw3x8t3nganytni07eg9fw0q
465f724d7f9d1903ffe9ef1230a2054b,52403,Female,64,10/1/2019 20:08:10,hws93nc7yq5zf175wkwhws985mptj5ko
76b3daa8ddeab52bea5802619708633f,72703,Female,61,10/1/2019 20:08:15,gaxylapb4zg5qvt1p1chir3gaxylapbl
e6dccbc458082e80eb5a8c18c204fc1e,01581,Female,29,10/1/2019 20:08:34,lzgual9nh4cl8wpjwwlzgualmm1pxkxb
3ed8c3f56de335bb86b2a8e88c6242bd,N3c 3w6,Female,38,10/1/2019 20:08:05,qa9i4ijb6fgoiq90u76qa9iesn1fx0s5
7ad3264b6f56a52c938a985fe9c8a7bb,93063,Female,61,10/1/2019 20:08:07,a51t7x7q7rzj6zbma51tnwzepb1b7aty
75accb6cb179e8b32e2fb20a32a67b25,02809,Female,,10/1/2019 20:08:16,sz0qtr6sn6i56qzg3wsz0qtrag78smv4
0a73c1d9b782485b6228ecb708c66bb4,V0N3A1,Female,,10/1/2019 20:08:53,qufdo908hi4v6ve2wjbozqufdm6pfgry
4156dcb73fd91f63adc7f169a63f62b2,60641,Female,7,10/1/2019 20:08:55,wq8gmcfa7s8wk6s115wq8gmcnx78zumz
4eeb40eef1ae6047304d708bed830f0a,21044,Female,70,10/1/2019 20:09:35,jbyvgucd8pdywjbyt6q8a05fmb7go6ur
3fa0622a1b08833796f58d4c31fb7eea,8900,Male,,10/1/2019 20:09:59,i1pwgxx4ba83efajok9pefi1pwgxhfs8
cb64978daa95d8a7268e545758413f65,32317,Female,39,10/1/2019 20:10:06,e40oy6jl58w5lm87xle40oyiiztjwez8
3fd7b0babb45fc579e8495e7b07c606a,93728,Female,32,10/1/2019 20:10:34,o8tmuw1emvggg9gqkao8tmuw2ynvbxkr
4c3b13701320eb20031d7ec5bb070143,28112,Female,46,10/1/2019 20:10:34,cnoo0jf0p130oggkkaxttxkjcnoo0jf0
3b57d37d52b91fd6186d2c6b7362b8a2,22963,Female,55,10/1/2019 20:10:49,k7b35w0pol5yq994x7xk7b35w0povi9f
5ab64ac18999a785323ff1bafd942b58,98106,Female,50,10/1/2019 20:11:00,m4vf7n27x4q182gm4vf45dvcqqlt84oz
bb91079a6a0ff6712164065225d701bb,44102,Female,27,10/1/2019 20:11:11,or06adjzhs9821dor065zj2a4gwyfrfy
1d7500bc4b1ced601c318cab187c04d2,47909,Female,30,10/1/2019 20:11:10,zoizuum0s49fswd1zo2i3b308y56cctt
602058dddbb21b4b05677c68d32f75e1,98284 ,Female,39,10/1/2019 20:12:47,ve28eya5xba5czwn9nwve28eyzmr68bb
a0369c10e6d8c9e02b093e08404c50bd,94553,Male,63,10/1/2019 20:12:46,kclmithxggbac24m3kcl9r6vg0mi4uvt
7a8e8ba4a0de10e38f30daa3779a2dde,28741-8914,Female,64,10/1/2019 20:13:10,rbor1vcscbfap5pd5rrbor1f3qbuj87z
b4f3684fddcd029493f061f47225a76f,67213,Female,30,10/1/2019 20:13:20,wav0yuy1skom7fo4hwav0yutvb40ydaz
92ebfa7709d43caaca2b3b628d061ae3,63123,Female,40,10/1/2019 20:13:36,z38m6b89k9ulz30qghsdrjlavudj7a0q
75d0ac1234805817cb5659ac720c8fe3,H9C 2S6,Female,61,10/1/2019 20:14:08,upgxwunzk7cozxmupgxqrkein5bfuo4m
9f73f292832d7e3dafbfb720c38f6f7e,60564,Female,50,10/1/2019 20:15:29,2pg9abxwldi25y2pg9awxcbq3n3rfu4o
592339b28554fd6106e79469f24f64d9,34610,Male,11,10/1/2019 20:16:35,4fnicx3zq1s2cl4fnxk8jqalbhubqh6j
ca8175a6740545f1a90866f38afed63a,27511,Female,50,10/1/2019 20:17:36,n2k80legbznz46kn2k80le4akheav1yi
e944c349249cd1c05fbaed339105d973,Ox4 4qg,Female,32,10/1/2019 20:17:42,03v2pxqp20lkhxv03v2p6rx9sdxmv61k
6dccde6124f699149dac34bf02e79a95,24482,Female,61,10/1/2019 20:18:34,3btgnz3piy0favg3bt1cplw9yhavg9hd
c833732d7b62ff88441c41ed71fabfeb,32608,Female,76,10/1/2019 20:19:00,aykrx77r2fnpe9bgh6anm6jaykrx77vl
474e1039fa2a37b3e69379bf2b23ff8b,06824,Female,13,10/1/2019 20:18:40,lyuwtfz6ejceml3vqha3blyuwtf5hesh
51c68e72d8ad6b3376bcc094ddfec650,01886,Female,61,10/1/2019 20:19:04,xnfy4ukpcbg1i14m1xnfy6m7g8dc9tdd
305f30b931a1e860944f3c728ecfe9bf,36856,Female,65,10/1/2019 20:19:50,ts8d020il59g182vtmpts8d0204m9kns
38536fb30e1929a924488140ab6b7305,81039,Female,58,10/1/2019 20:19:56,ccay6o2t8896il8eudfa80l7ccay6o2g
30f24317ad30eb964fd7d4c0b9053a5f,M4G 1P4,Female,65,10/1/2019 20:21:13,3tsir16w0ybwo266p3tsil3gvwxnfpdk
a0388a3ce781d827aa1a14f427610d79,02554,Female,57,10/1/2019 20:21:39,tyd5u0hrfxeq6qogdtyd5uc93qzn6dfa
3574c3db35af20f69701826df793ffe7,06111,Female,63,10/1/2019 20:22:01,tnqiszgjlyjmo50etnqism1n7c1maa3u
d0e3db2c39a0a705592514e507df2dcf,85033,Female,68,10/1/2019 20:22:24,yn2kr0jqxpv3a6dh1auyyn2kr06occ3i
5e1be7b68e2c11ef26655a48a22127ff,07042,Female,59,10/1/2019 20:24:27,80d2uhtz7u5y80y7q2i0al5w17y7q2bb
e9844f8bbe433064e19dc1c5a8f649b7,30307,Female,59,10/1/2019 20:23:17,8tkos1a3a5u9zvyi8tkos1a6jd9vgng6
282931dafdb2ec75982d680fb93fa45e,29576,Female,59,10/1/2019 20:23:36,6autlubh8oddit41k0luft6autlubhfn
a3249a6068be177ad1ea763d56d6ecf4,14609,Female,36,10/1/2019 20:23:50,hzz98wuafh3pa18rohzz98wn5l2rd133
f46c48b20c24fe1dbe124f49cd5554f4,53129,Female,61,10/1/2019 20:25:03,kfqfk44hanw68xkxcykfqfk43u6rd2ff
96d0c5a41a9401bf3cdfd9480f6c7811,45231,Female,70,10/1/2019 20:26:49,ytezmkjwry46smx1hyts4ndce40j8ez7
abeed22f80526176ed02672d5a880ecd,60411,Male,47,10/1/2019 20:27:01,6im8ouidoac9miz1fy8f16im8ouqimij
926d7e5484907da040e2f55521bb08d0,14760,Female,56,10/1/2019 20:29:09,nbwfrtikwzm6htz4jnbwf8t8g004dqg1
c4dac33357efded581829ba783289f2e,9342604,Female,30,10/1/2019 20:28:40,4ilfr6bu4oxufzc5c4ilfr6kh8fhb2b1
eef90cef85c5041c20e28b1132bcfd2d,99645,Female,33,10/1/2019 20:29:17,o5bmtkq03cpx6d3ujo5bmtk5y5ai3sdw
48e2e08d0d7ff859b0a203a27282772e,89130,Female,43,10/1/2019 20:31:09,ekddexdp9emt00ekddeo5j9bttiuifrs
03901f6714053b797243b44b5fa184c6,43016,Female,55,10/1/2019 20:32:19,s74fclfinm2t02bgonb81s74fclfiofu
b1e8204d9f3e107de41b8319ce9fdb56,38002,Female,43,10/1/2019 21:43:31,3vftm9grg51dtu03vicq119d1xi10x1i
2e4f305e7dc21f1d6b975f964ce72ba4,13634,Female,35,10/1/2019 20:33:09,vs4nkjok0vm4xrm7wutvs4nknxx8csnp
b736b99181146928640cb9e3d5377417,98260-1426,Female,60,10/1/2019 20:33:53,0mux49sz5lglprqo3k590mux495lil22
2e4f305e7dc21f1d6b975f964ce72ba4,13634,Male,35,10/1/2019 20:34:30,ylvaum20bx4ofjluzbylvaukafkkd362
c267c5a4c2fb17d604bd77903960e659,1394JB,Female,20,10/1/2019 20:35:38,gq323vtoaa52br4ayrwvgq32y3jpkcua
fcdbd833208332fa5fe2ddc762205f02,9024,Female,54,10/1/2019 20:37:11,eavnznnhnzj09ot7meavp1tzsy9ji0b1
31e50356ab9f439b5c006079f9c53b08,94521,Female,74,10/1/2019 20:38:33,i3c91e01t9ihwc8mi3ck7cw5gcp1cxw6
e868d9170e83c46ea09be0d691df1292,52341,Female,57,10/1/2019 20:38:23,4skamxu8w3o6a2ndtrww4skamx9lcky7
4b2cbb50ae85c9eddb3568e01528842b,16412,Female,62,10/1/2019 20:38:44,pnggnmdi7vip24pwspnggnm3dewqvypg
de179bd5928539013b81d8c06b7fa4dd,71355,Female,61,10/1/2019 20:39:41,zud19hjcpqdx8jzud19bftbjgvs05ll5
e4658218aa341882b0ca03b80fa9e1f3,76110,Female,58,10/1/2019 20:41:15,ddm2i596pcra418fddm2ix3mgyuw4vgu
411c81d57c602a97fd1d566a240628d8,46037,Female,63,10/1/2019 20:41:09,ie64krt5live60k3ceie64krt57vi20a
604c480ac3678a8f58d216256dd418e7,80304,Female,62,10/1/2019 20:41:16,kz87glau37wzz6ahqn0kz87gl5nbjx1v
f304b90daf01328a3edc34fcd54a54f3,98579,Female,28,10/1/2019 20:41:36,ncjgzy9vthihlf2es7w0fencjgzyiruc
3ea182741999dd54cb902c478ba2704c,03031,Female,62,10/1/2019 20:42:28,3sel3ey7phaa0zjlcknl223sel3y9cp5
4239e1e34b9689acbc8f730fa25bf5b7,N1E6V3,Female,73,10/1/2019 20:42:44,rdsk088g9u0lmt9rrdsk0n3wj0ric0kz
d831288c5a5397d5f819a882f69aa996,2990,Female,47,10/1/2019 20:42:40,4k4rgldlz34k4rgvpm74g7u3qkmhjbtr
eaa76c482a6203822412e584d1d1de78,2990,Female,47,10/1/2019 20:46:01,tcu2cbs9hswsjt7sm5ztcu2c6vq8sruy
3f3d97993a30afd005456de1c6af0160,96816,Female,54,10/1/2019 20:46:59,5ycvc8ec6qqiewwj1p15ycvc81w06lw3
18ecf6a282f458e5d59d564c4e976b30,80439,Female,,10/1/2019 20:49:11,hhk8p8bwiqjiaxu4hhktdnr8u7m2hf81
96d7b15c9fdcaec7ffde29ce22ddfb99,46706,Female,64,10/1/2019 20:52:24,jqz0ybw59ha3m6sovl5z0jqz0yblodi4
081b01beee25687bf63e9a53bcef77ef,60185,Female,,10/1/2019 20:54:28,tafz230m1jb66vfa6pnm3tafz230m9c5
b95e4ae1bbae061de1c033d8699945f3,PR6 9FG,Female,33,10/1/2019 20:57:07,l8w7kwbg15nh8j3pea0l8w7kkvt80lxl
a43d0bc9655861c792a77537b5c2f0b0,B92 9QB,Female,50,10/1/2019 21:01:55,8mktctmqp2vrbcox56v8mktq8zaab6zj
2fe220ecd946007d379d3a68b38b3a37,35801,Female,53,10/1/2019 21:02:07,j4hjc9kkubpqng7lxofvy5wj4hjc9kkz
fc8c9b0ec0cc33176b25da8bdd779d95,01379,Female,70,10/1/2019 21:03:43,5d43rvjw7l3biprf7665d43ozoogklka
d7fb7143eda4665bf6c21129ab02840d,35178,Male,61,10/1/2019 21:04:04,5ug2qzsz7eyqadl5ug2zp0j2hfe5r0ar
b0ca1e070e49acaa2f155b476781b600,P17DX99,Female,43,10/1/2019 21:05:10,8jgcbdnohwexjga33dyrqf8jgcbx1v20
01bbe34d450b00b4fc3ce4b319986b81,20009,Male,50,10/1/2019 21:08:12,90adpc8x8q6vtnjke90adpc818vrn44u
548d0b36b55a25bb8ba2ca9407f5a711,13693,Female,50,10/1/2019 21:09:16,e0112jepsml92xr1vsyktlu0ihe0112j
f9968086714b82f1c1c87019d1187507,01201,Female,62,10/1/2019 21:09:45,szg6vcubdi3u94szgsvfgkydp7uh71jk
e3f7c76116d9a1b255e8f99afe57a15d,06471,Female,72,10/1/2019 21:11:15,w67w97155i4kg8w67w90hvgdj673gria
a5069b3d48cbac2d77080428c7d8d315,72211,Female,70,10/1/2019 21:11:46,tawiajt2vyra7kq8tawipzb5lu8v71b8
5c991cb1a53f3b0e1aff590b70b502b1,13473,Female,61,10/1/2019 21:14:03,5haftnn5nsobg345hanmgnhmqppm7el1
63cb5ec402a319f6b9f35ee09d30b004,v5n3y3,Male,35,10/1/2019 21:14:16,1agkdesv0prc4dg1agkd6qh6ldzccoti
37b8456d8a79a4f58f9e0e5566397e62,98108,Female,41,10/1/2019 21:15:07,19wfum19zl6akud4q19wf19szn0myi3k
efbf336f3bd3f33966a88f9ccf18b156,80634,Female,74,10/1/2019 21:16:19,os8yogcjr9ex036l2ryjpos8yor5rb4y
910295e36f3e0b0e6ca2bdc91911f9e4,90402,Female,60,10/1/2019 21:17:11,yrr2ttkedr8wsx7v3w34yrr2ttjk6b0o
6de0f926dbb18f88440a5a1433e08a0f,44138,Female,64,10/1/2019 21:18:16,5hbberljlcw5a281p5hbbeuspka632e4
26670f72e4b31bd46319ff7e946bdba3,60194,Female,64,10/1/2019 21:20:05,2yxtzdmwyuo0t2j22yxsawp4e6o7e041
ffe0b8aebff176ad839fdff3e8599dba,19320,Female,67,10/1/2019 21:25:10,ke4o6w4dzz8t8dfke4o6pacfpuzjmpw2
4403739dc4c4dd1cf1b3d2c3a710e831,34134,Female,68,10/1/2019 21:25:58,lfzykmxvp0t4q9selfzysxzfi4dmbxx3
11be82754def1d33df0c5c83f0e2a07d,13620,Female,46,10/1/2019 21:28:33,0dtqlwgd6lfki9kan0dtqhas71tb16s3
12591e6f926a44628664493a8cf1aeec,KT22 9LP,Female,46,10/1/2019 21:31:04,ljq8btwsfxz7r0h2qyljq8bj9p3q5zgm
78855a40b783db4a531c1cb0c3739210,88012,Female,47,10/1/2019 21:31:39,y8hwcfuylowzfg6y8g770197cnyfekdg
8c01af94ea8299a8d3f0e1865cda3b2f,06111,Male,9,10/1/2019 21:36:32,dvmgxri42dqohfcj39dvmgxrizln02cf
67e00204af8855f5222ea36fbe044233,95993,Male,79,10/1/2019 21:37:26,o7j82nkbko3oje7gzemo7j8rprxzbvg7
7a5c7ae1beec1c51ef9dc36143e9644f,68136,Female,40,10/1/2019 21:40:06,leaq6hio62e6f4mleaq6yyr6pxwr8wnp
cf766f2225fc7d5e98ac191e4f65e404,35223,Female,50,10/1/2019 21:42:36,7yzxd8jcxg5rgv27yzx0m8db4de1lwmv
dc66605f10bc849dec7c3ade316a2d3d,12601,Female,55,10/1/2019 21:45:38,cj4yokxs43nweolurwcj4yoa49dzrsek
06ba5d368484d15ea84314e7d1602dd1,EH20 9EP,Male,3,10/1/2019 21:50:03,m7n5i7ka9z3kiifxm7n5imxyflja6t0d
5881de018407ba026e701da4bd0ad691,94564,Female,63,10/1/2019 21:51:28,6t4v9drjqijukbdsxmz6t4v9dfsgf2u2
cbabe590a55e470d3f2d0d9d81816fcc,20111,Female,45,10/1/2019 21:51:11,i4l7ha7845nor8dubvi4l7h5qzbx6mz3
a287e61280c6ec7bfee25e872449416a,01368,Female,51,10/1/2019 21:58:07,f07rx9u6zhzd46nv51vcf07r6qdxepwj
604c480ac3678a8f58d216256dd418e7,80304,Female,62,10/1/2019 21:57:57,61soroi9j63b561son3f9hpjy8wlxtl9
b54a9aa0be30c9840f59f972fcea6c09,50237,Female,63,10/1/2019 22:03:13,i92ccy9m66a3hi531xssbri92ccy9mys
08d426c2e4ac992582565abbebd28cde,95476,Female,55,10/1/2019 22:04:07,emwtnvb7pt6csaopemwtnib449yvvgtn
536db50d6cbbeaed4e059f17a86a3394,1700000,Female,24,10/1/2019 22:06:27,1econ60l0zwgudwdtzlhx1econyhjo87
ba79feba4ac26a0ca371f32e5c893c0a,YO614SF ,Female,47,10/1/2019 22:12:27,1ouythlrix6sm51ouytbd5xo0xl7mjcb
492e5bf71d8eb55b854b65d071fc946b,32205,Female,70,10/1/2019 22:12:18,drans1dsqdja1a4np5sdrans1d102z3q
46f38356349ede47e1d2dab367fda00b,80403,Female,49,10/1/2019 22:15:32,49tquvfz17q803w49tq555lqkirvy4dy
70ccfd619b793fea6f8c1d1aac7c8249,02920,Female,59,10/1/2019 22:17:15,c9fws0f1s8l8d0pnkfec9fwbget4fn0k
80ab11de8bee81b26083c09860968aaa,48842,Female,38,10/1/2019 22:17:29,838ywxskiixq3nis1o81838ywof8cgs4
c9aea018ada238093fbd2f46d3a5dac9,97080,Female,56,10/1/2019 22:18:10,2vw0g1efjmd8rvvg3tf2vw0g1vbe0jsv
8436b1ab13e1b4ba5717955523e2419f,02021,Female,37,10/1/2019 22:21:52,8sftsnv6g5kpsbuhb4s28sftsn35pcgj
50f31ea8260bf0b53f574e5386181222,54868,Female,47,10/1/2019 22:40:12,d892i99ps447qsp2tppz1d892i9ubz4y
ba6211fc762b5824dedaeba11acc614d,55372,Female,70,10/1/2019 22:44:04,70zlx7mukhk42fg6e3y70zlx7sblcau3
70daaed2344a61f468e2b2dc354beba2,21136,Female,46,10/1/2019 22:47:30,w5iclo1d3had2mk5beaw5iclbwv0pf5b
9a94340c3e40dc43ff4c845adf8480ba,98177,Male,68,10/1/2019 23:05:34,zqdaedw5l4kywfs6f2zqdnl16w0l4gao
15be93b2901febb830fcff57be11514a,1089,Female,54,10/1/2019 22:58:13,blrvdpacsyj2qya82nwu2ublrvi8lwjp
3bfdc96bf9ee0ecba9a0c75b6f832d8c,94061,Female,42,10/1/2019 22:58:54,5v8hbsafo44g9l5vuro2irhaj3b8j7no
e3e83c69f1328db20f30f02050cb9c6c,77040,Female,44,10/1/2019 23:00:08,s33h9s0o5d8bs33eznaxn481uyilpunm
5cb66cb4bf7ae3ec1bba658d0a1384f5,2573,Male,55,10/1/2019 23:01:44,nnvbwd23vktqnh8pzl3546knnvbwd25w
6dee2a0e1948e67fdb7219aae2dd47df,82301,Female,43,10/1/2019 23:02:11,quuzrwsja9rxftyvx4quuofim4gzq17w
c687448b4640e9ec996c2069214090ba,86329,Female,71,10/1/2019 23:02:50,jivbk326jogu1morzjjivbkgpaksbtx1
e00c4d30bf7bcd60765770562e6a0765,29609,Female,58,10/1/2019 23:05:27,ug7nlp08ext4o6lhpdjyeug7nlp5mx1f
1a4078a9d9ee5dd9235a597583d8b798,99645,Female,27,10/1/2019 23:06:36,ilcimz6hyy7s6hj8ailciwcby3blfws5
6f888b173e055ef2ada37951fe001663,27712,Female,48,10/1/2019 23:11:55,q0fydfzgwo6d3ks1nqvq0fydjsj4itzt
8414f17e3baf5be73406bb724ad5a96e,01702,Female,42,10/1/2019 23:13:19,j9rs04f4nex2mrkucj9rs0ymwmmf6cgp
1db932b0d9c6fb3bed0d2754fb84eb73,91101,Male,59,10/1/2019 23:19:50,h0evaki0mzdpptvph0ed6xjzqfcid6xj
6607ecb3ec1d30286e6549fad0563497,33709,Female,46,10/1/2019 23:20:18,24tprqfkktiwq3whav30ij5r5nt24tpr
3afe6bfd50a72bdd02eebfcbdc710645,V3S 4N8,Female,59,10/1/2019 23:21:10,vtlg21l8gnatqbutq1c8vtlg21liy0dp
9b7ca62a0d58ef2147af383c88154357,16823,Female,61,10/1/2019 23:22:29,8jgmex68dzun08jgd9d3kbkgv8hnbd9d
a6f9eabcedfb89ef26a34ef7f80d3b74,01450,Female,55,10/1/2019 23:23:23,4hs8j33q6fw5b9ke4hsz1886bxz36cul
26b80634eda1021029ffcae9938a5a11,40515,Female,71,10/1/2019 23:26:04,8n8edhuczntyql4bg8n8ed8bblcxcq1n
98e39f1d7854268ab7cb801be5505907,22554,Female,48,10/1/2019 23:31:46,qf8xn1i2rgdlk3zhbizevqf9p75ciloq
d8e3040529f4a8ea60510b20b8809718,13901,Female,67,10/1/2019 23:38:00,5v17gb7s0rngas61a85v176p73l8yx2h
929c19c95466cea96385a86a325061ab,02664,Male,66,10/1/2019 23:40:17,zrui2xon2z068abzruib2g868cva0ndo
bbe31cde35d4171437933bb7cc6d0541,01867,Female,54,10/1/2019 23:41:29,rdpcfyomh39z0pmlrma7grprdpcuphdd
d4a5e01806742b2168936cd620450e2c,06238,Female,53,10/1/2019 23:50:08,o25s8yeb1684fo25srjris9zoooyn8zn
7c08e2fadfe9659edfd79e3617fd9ead,16066,Female,35,10/2/2019 0:02:26,nm1p9t012cbg5p2y5jxnm1p9tqnixf75
bcf899a6254650772c76c06ff3a56d93,98387,Female,29,10/2/2019 0:05:56,m05tacdrxyp2aaqi6m05patbucpr0w1c
ba605f3d5c1f71b416ead0e19cd8e107,07825,Female,57,10/2/2019 0:15:40,2i68xihytu2ymnmt2i68xsy443lk7tmq
e8d2138657ae067758c63c4dee860efa,13601,Female,68,10/2/2019 0:19:49,03qhauiz7d0vm1bf03qhjlc9iyx8i6uj
1df16e270e2878b5bf2d1b8c8e4061a2,67217,Female,51,10/2/2019 0:21:32,124t8qegtkys9gw22zy124t8odjmrjap
94ae03db09637c74d00fd43830180fb5,33908,Female,52,10/2/2019 0:22:01,cwjsjlrt5vpx3acwcwjsjx0njuimtvv4
ec1c932728d053fab36f468efa1371c2,05860,Female,56,10/2/2019 0:23:53,jzkp282acf5d2qqmphjzkp2s9q90j3vp
9d305f6af4b519f96bd9a7fd68d5250b,50220,Female,55,10/2/2019 0:25:31,yvxpaq19j8ib6fyvxaw3npbacjcw6bez
d19889bc7a1de3a479adf5b36c96bfbe,93555,Female,67,10/2/2019 0:27:13,4g4zs81jmiobmn4g4z14d8xqi7m3sf0e
b534f508de7494c0dddc1f8de8276fdb,19348,Female,18,10/2/2019 0:29:46,9pkmozjvodk48wjep7rtb9pkmozzct7j
c2ba394851a4873c81146b019fa990a1,32955,Female,,10/2/2019 0:31:07,3ai9okrx8nbeon42xcgop1f3ai9okrng
b513a250ea2f5f5c191cb9696bc1553f,40218,Female,49,10/2/2019 0:58:28,e1ofeczt8g7tdhde1ooq1znpm9badslo
8acbe46fabe773121da9695b71bf5058,85248,Female,54,10/2/2019 0:59:03,4w53b7sbwv5yixq6n2b4w53b74vao9wi
5a5d73df460991c9ad67af6c813046d6,04032,Female,56,10/2/2019 1:12:13,2yyu01wbekbmk2r1uce2yyulzqyucjx0
fb20bbafb41311027da4224a44807ad0,,Female,,10/2/2019 1:18:08,frd0ppe0k9iym81vfrd0ppjuu1ofg6l4
163bc402308a03098aa9a13fa62fc3e1,03079,Female,38,10/2/2019 1:24:32,ncnr8kaksq3u6fcuncnrw7pdqtxxjyxp
5c0a6a364d63014d36ed3aa779292b67,A1A 1E7,Female,53,10/2/2019 1:27:37,og073js42api0ny5sxog073zwtwsofni
c9aca32397f9b64f992f41ddf2073af3,10704,Female,61,10/2/2019 1:33:52,daaizsxmeupy771iybvdaaizw4reyw17
720fe82ffe37959b505936b3ec5dae43,593,Female,19,10/2/2019 1:38:19,fzx89eb1w0ow36njfzx89pmrz8b76o1x
94cf24a0293ccd6cecc56f0211847e05,72519,Female,62,10/2/2019 1:36:37,9m69051he2kha1fd33i19m69059ovr36
89b1f6a36b048bb4c65b16bc511f46c6,22306,Female,44,10/2/2019 1:45:07,llackb87rby9udrdllackku2ckdg3m8z
844c2b5adbdc189b174892838e748c90,43004,Female,53,10/2/2019 1:47:33,vdhu6o4m0zswdcp1ni3fh2lvdhu6twdh
018b0b08b0a8dbc63f58c47b0c94d2e4,85042-5001,Female,70,10/2/2019 1:51:31,vztuvr4f0r8tcnvztu53xay040pr4i26
8f3c1dddfe101da826e2a7ea7a2f1847,06441,Female,65,10/2/2019 1:54:45,zap0atot6m5wp005zap0ato40ami2iat
d77f2bf6740681f53770b0a11d690f49,22032,Female,35,10/2/2019 1:55:18,mdpkek1fjccueh2klg3mdpkekjca3h4y
6c4d73fb530d91aafde9aebd6826ef8c,97405,Female,64,10/2/2019 1:58:52,dddwytn0knhiaktpj1y9dddwytn92wnn
33635d5e0752c9d12573f53d7159ab7f,1100,Female,40,10/2/2019 2:09:10,lv3e6upa5dhm3tjg4zhbxilv3e6up3w0
e28b0badab5f5587492b780cc14c7ad2,01801,Female,57,10/2/2019 2:13:27,kefhrl1fzwr96hzjmh6qkefhrmbh55eg
600f79f7c454ada2368eb7db23833629,2160,Female,49,10/2/2019 2:17:17,gfkzdxf12spmh8n42gfkdz35urb96zam
d7a3e72998536bebe2e3d26b92e62af4,L4A1G4,Female,49,10/2/2019 2:31:29,o0si9mo3246p4annie3ro0si9mqbrxz8
a146ce94d33340b3c2f3e5fc8083e98b,48154,Female,63,10/2/2019 2:35:53,3nb6ykjr0izqcdfet3nb6g20b6vloy5f
34984f83d52cc86f81e2878f1b3fa012,78739,Female,,10/2/2019 2:37:35,nm6vb4wr0epd0nm79gb0kccdybbcb07l
6eaf464104bc218663c469c97a6f130e,32114,Female,31,10/2/2019 2:43:22,eyuw0n24f45fihjv293m8seyuw0nkc1q
493bbbba6dbf6f7db31c89082809b3f7,89060,Female,53,10/2/2019 2:49:23,3msfrezbvvo8jjxh4lj3msfrkzb6eime
57a287bfa91256c9875e0a6d2ea22b00,01778,Female,44,10/2/2019 2:52:14,d789ug77ch7z3xe6pf5d789jcctecwz4
ba1baf994b61fd176fda2291ea10b1e5,70121,Male,62,10/2/2019 3:05:22,joruwtfkhf6l4k45udg2joruwtfqmce7
3c1eff25f29f47ea223b0cf32cfbf2ca,06611,Female,70,10/2/2019 3:16:22,ffte51413pjpofcn76ueffte514jzxf0
82fbb4a14519b022f120425727e299e9,10562,Female,50,10/2/2019 3:43:46,iuawmoirz56diecraciuawmoiengoz8t
716437d6c62861ddde16bb5815088e24,94941,Female,71,10/2/2019 4:31:39,d2gmdis3um72seqtbcdqvped2git1u3v
8e0c8c8ec1771a49b0fb82342c2e5d08,24018,Female,9,10/2/2019 5:23:06,2jhluyktwytrwc4tgae22jhlulheyn0y
a680e726b1f0615487bccee3ec90de05,0181,Female,31,10/2/2019 5:47:50,m98d69z1p5jly5ztck79m98d69ycqrg2
7281e5664559a1854bfc7afc3e91b18b,98014,Male,29,10/2/2019 5:59:17,rkandn2v1ju4efrkanpwvpvkv60i8tqk
49765fb8cf674310d969d6460f36e60b,FK2 0XX ,Female,50,10/2/2019 6:00:30,rifsjmhe6b2hc0x3w9g5w7rifsjmhe4r
0b4a04ec48ea15a90cddb06db92230d9,1000,Female,31,10/2/2019 6:27:03,iuq160ihh9wwma763uiiuq1605rgw6lt
053d30c2006fff08e07745710674132d,H4g1p6 ,Female,57,10/2/2019 7:36:47,onwf5dkuthe7hy5g0d7zykonwf5dkuor
66f16aa997f0f23d539335c218362c60,TW15 1HN,Female,30,10/2/2019 7:45:05,5membm0sgkl6gebqz5ojdj5memb1r71a
8c73c57855b9b56b6803763b56c8d99b,01440,Female,35,10/2/2019 7:52:28,4s7k6dxmz2zf88jl1tn4s70f1unp3qzz
5c4be837849731804e4d0c8f277e675a,FK102SQ,Female,56,10/2/2019 7:59:04,9ebu9kd3s5gbkgt9ebu9hrxeaixsh4it
b70477604d65ea68c7c8f6833a916278,M314AQ,Female,64,10/2/2019 8:19:19,b9ge3ydnpbjdv22q153yokcb9ge3yd2j
782813abe809cfe60cb4712a3f49224f,EH25 9NY,Male,47,10/2/2019 9:23:22,67mpwu7atr7gllb67mw80l2d7xs6dmar
a645d6ad93ff67e808a1feb93111e00b,03060,Female,50,10/2/2019 9:57:06,nlvzbbfyzpzv19pnlvza79osh7j8gozn
708a12fc72828e0337856412c843e6d1,BR1 4BQ,Female,50,10/2/2019 10:21:01,q624xw18vk8nwesq624ywmyqw67e0nl5
453a792b3e2c9cd79216b1efc39b9e4e,L4A 3H4,Female,66,10/2/2019 11:16:03,ok7gxk0l81mh94e1qok7gv599j92dx4k
9eafbfc96cc4d1d77b5106229f5a002d,28460,Female,68,10/2/2019 11:32:38,u40m9jwzzw34fxyu40m9s0svkefptuu8
e1717cdfd42310af99319fa8e1861066,06513,Female,74,10/2/2019 11:33:03,q9fer5uwmgs9ww800st3q9fer5u1webb
fb5b69540178f00c244511cc29e73ca4,48886,Female,68,10/2/2019 12:06:25,cd6f5z1w6539e9cd6f92cpcn352w6fzt
a0f0487ef32423c9cff68b22bf8bd0b1,97402,Female,67,10/2/2019 12:32:10,wozo3bxn9etohnht4lwozo3b02u99sno
d7478b67281e331dec0b0c0ba08e1796,72202-1601,Male,61,10/2/2019 12:43:39,adh3cg15zq97fcdthe94adh3cgep6jyd
2065e30fdae8c180c5bd397bd3c11a50,35405,Female,34,10/2/2019 12:45:31,z6pj2ids6dxnhztu3z6pj2i5vtk43fsx
d89c004f2be4ea2196888b85bc5f9a07,IP16 4PW,Female,47,10/2/2019 12:57:31,txmr4t7bon9gtypf826txmr4ho5repxf
6a19ab0ecb9ad292cdf4ecb051757833,19464,Female,45,10/2/2019 13:07:52,eeyrqab7eiufls4ydxf8b3eeyrqabyy4
c5e832614f9e37bd37770cb245d53c30,SO151JQ ,Female,62,10/2/2019 13:16:22,zcw3to5kjrqzpkzcw354rrl938nhkt6i
681b744006554f3fafc08b70d4199b44,27516,Female,66,10/2/2019 13:44:47,o5dka7r5cmhvyq0o5dkajhy1y8kpyve5
681b744006554f3fafc08b70d4199b44,27516,Female,66,10/2/2019 13:47:44,anlyf50j46f3panly3gg6at7cdroxtsz
c2aef1edde7d06830777c4d5b1dd2f98,M4C 3P2,Female,67,10/2/2019 14:10:44,td1zxj9ndm193plttd1zxjdbg5jl41pi
25710898be74fc967671b86b8475bb3d,27455,Female,52,10/2/2019 14:30:21,m39t3vq6wx5gwkyahm39t3vrizdb4kc4
c17e0470d7729d77052ed534dfc14dce,29209,Female,50,10/2/2019 14:54:16,iahis6lvtcfiu4sd49p5siahig9qccf4
3892b8be80bfbff7feba234e4f021334,80004,Female,55,10/2/2019 15:24:23,r10sjj6r6ux1kse3v3czdnr10sjjy838
9be1ee0251c1f6a046aec494d50e5390,01773,Female,85,10/2/2019 16:07:55,bk2qu8p7n6vymnrm5jscbk2qu8pr3xun
f5b668fbdc957d853b9ff64a0adaa387,K0K3E0,Female,70,10/2/2019 16:30:38,66slix8cwvjgvz5hb66slihh2f9oarac
aa5557c404c8c82315038c4de942d9f3,83333,Female,61,10/2/2019 17:04:18,3hawh2zjg82g4ldr3hawhjultdfqnz0p
208fbad340642b2a1c705e21b64b4b02,08210,Female,37,10/2/2019 17:21:15,15constj45dcgp3mvl15cocq7xhb0t30
a04ab66e673a456ea92d5c360ed190bb,01824,Female,,10/2/2019 17:49:51,rp4rmqw2zf5nvm4srp4rmi9ztqguga9o
17a82e59bbacbcb9a52c6b50b70272e5,11211,Female,36,10/2/2019 18:01:27,68plusrxbpm3i6dy3fknjwjhj68plusr
59097c2eb089a36d24d7b89240b65a9e,22508,Female,66,10/2/2019 18:47:12,1s24g9gq1ucw301soyw7svdqreo32e70
31492e3f0bdf49056132c448ceae1885,80550,Female,47,10/2/2019 19:16:25,5xtrig61qo9jh5xtvbgqmrehv77f67ud
9864b1cf8588a37042a0b91c09f700e3,04292,Female,64,10/2/2019 19:45:07,smim4u1f57pm5cs7cd0jsm77w94wlyp6
76a7702fb7d501ebc93fa04f43185fc6,D07Y3K5 ,Male,47,10/2/2019 20:27:42,lzclr61lqif2gsmdlzclm1pynnfqtv1m
1b9b35f5434de88ff7f3ff4b0e371d48,21085,Female,61,10/2/2019 23:31:24,p2ic8b1dwhb53vefk9dp2ic84fcm949s
87826fd8c93c96d59bf4d20fc44a23d3,92084,Female,57,10/2/2019 23:40:50,xoia0cc01takqwm4efdmtxoia0cc81af
9e26e0eb81c79d29f9c3a0255984681d,34103,Female,41,10/3/2019 0:09:29,16s1n4jdkbp9mkiitp16avams4fgbpg0
e93c5d91c1921aff8becd457c6f9ce73,20147,Female,35,10/3/2019 0:10:47,k9sd2ug98mefowqk8h4k9sdx7flnznfo
4b1a70b690affa3646036352269c82bf,T2z4s1 ,Female,31,10/3/2019 3:34:51,62a956enug4rkh62a9iwwvhvys4g4lxr
e0f408e96c1512ca51d9855422563a69,01201-7420,Female,52,10/3/2019 4:26:23,gg7bomyx3k55yjmzrgg7stgb8hpsnc4s
29837912ae8ffce69913646b56e98e10,44039,Female,51,10/3/2019 16:58:13,asjcjpybteoc8bpm1asjkchmq4v7lc5m
3ae93141ba7c209bf9e15ba14483ae85,87112,Female,48,10/3/2019 18:51:45,ykmqprqzjdus6e0ciykmqw4dliagdpcc
53654b8847cb8350c753f7c68315a9b3,32534,Female,65,10/3/2019 19:36:15,lwppsitlpoldm19rh8uvlwppsisd0gzl
680f330da0224465c1816e3c8203c543,K0A 3M0,Female,64,10/3/2019 21:05:49,l2r7zgip4x15fta0l2r7bk2d1af8epk6
dee6308ef00594b9760d7a00b649f6ce,63123,Female,72,10/3/2019 22:09:09,7ahwzm3ykcvpt8d5kho0y7ahwzemj3ji
db0f90d5e28cf37b6357e44d3a92a0f4,06277,Female,69,10/4/2019 11:52:35,wfqtzdkcfwpikfs71eu5fgwfqtzdkcfc
bb4140137506a6cd36312dad5fac5c17,10036,Male,55,10/4/2019 13:24:04,bvthrt5070abvthra18bkf1cuawox4fo
d092c870a4531d6988170796171963cc,16435,Female,40,10/7/2019 4:30:10,v5fa1dwll4ibzomv5f90unb5j7li5f4x
81c80d25c107d12608b19af177627dd2,3150,Female,15,10/9/2019 23:00:40,heapfbfhhbgt40eqiheafbfzrnmioqgk
4f4de40593aa36570049e6a28386a957,21000,Female,37,10/12/2019 16:08:09,2xeupilzp4r57nbclo2xeupisdws9tg0